AllCCSID,name,SMILES,mz_ratio,exp_ccs,Formula,Adduct
LIPMETLIN00012,1-desoxymethylsphinganine,NC[C@@H](CCCCCCCCCCCCCCC)O,272.2947757,184.5333333,C17H37NO,[M+H]+
LIPMETLIN00014,1-deoxysphingosine,C[C@@](N)([H])[C@]([H])(O)/C=C/CCCCCCCCCCCCC,284.2947757,190.8,C18H37NO,[M+H]+
LIPMETLIN00015,3-deoxy sphingosine,CCCCCCCCCCCCC/C=C/C[C@H](CO)N,284.2947757,183.9333333,C18H37NO,[M+H]+
LIPMETLIN00017,1-deoxysphinganine,CCCCCCCCCCCCCCC[C@H]([C@@H](N)C)O,286.3104249,188.6666667,C18H39NO,[M+H]+
LIPMETLIN00018,sphinganine (d17:0),OC[C@@H]([C@@H](CCCCCCCCCCCCCC)O)N,288.2896907,188.7666667,C17H37NO2,[M+H]+
LIPMETLIN00019,3-Me-Glutaryl Carnitine,CC(CC(OC(C[N+](C)(C)C)CC(O)=O)=O)CC([O-])=O,290.1598063,166.2333333,C13H23NO6,[M+H]+
LIPMETLIN00022,"4E,8Z-Sphingadiene",OC[C@@H]([C@@H](/C=C/CC/C=C\CCCCCCCCC)O)N,298.2740415,184.8333333,C18H35NO2,[M+H]+
LIPMETLIN00025,Sphinganine (d18:0),[C@H]([C@@H](CCCCCCCCCCCCCCC)O)(N)CO,302.3053399,191.8,C18H39NO2,[M+H]+
LIPMETLIN00026,D-ribo-phytosphingosine  (C17 base),O[C@]([H])(CCCCCCCCCCCCC)[C@](O)([H])[C@](N)([H])CO,304.2846057,194.9,C17H37NO3,[M+H]+
LIPMETLIN00028,N-tetradecanoyl-D-homoserine lactone,[C@H]1(CCOC1=O)NC(=O)CCCCCCCCCCCCC,312.2533073,189.478,C18H33NO3,[M+H]+
LIPMETLIN00029,N-tetradecanoyl-L-homoserine lactone,O=C(CCCCCCCCCCCCC)N[C@H]1CCOC1=O,312.2533073,188.9,C18H33NO3,[M+H]+
LIPMETLIN00030,C17:1 anandamide,N(C(=O)CCCCCCCC/C=C\CCCCCC)CCO,312.2896907,190.286,C19H37NO2,[M+H]+
LIPMETLIN00031,N-palmitoylglycine,CCCCCCCCCCCCCCCC(=O)NCC(=O)O,314.2689565,195.6333333,C18H35NO3,[M+H]+
LIPMETLIN00032,cis-4-methylsphingosine,CCCCCCCCCCCCC/C=C(C)\[C@@H](O)[C@@H](N)CO,314.3053399,191.7,C19H39NO2,[M+H]+
LIPMETLIN00033,Dimethyl Sphingosine (d17:1),OC[C@@](N(C)C)([H])[C@]([H])(O)/C=C/CCCCCCCCCCCC,314.3053399,195.7333333,C19H39NO2,[M+H]+
LIPMETLIN00034,Monomethyl Sphingosine (d18:1),OC[C@@](NC)([H])[C@]([H])(O)/C=C/CCCCCCCCCCCCC,314.3053399,195.9,C19H39NO2,[M+H]+
LIPMETLIN00036,D-ribo-Phytosphingosine,N[C@@H](CO)[C@H](O)[C@H](O)CCCCCCCCCCCCCC,318.3002549,197.8333333,C18H39NO3,[M+H]+
LIPMETLIN00037,5-OxoETE,C(=O)(/C=C/C=C\C/C=C\C/C=C\CCCCC)CCCC(=O)O,319.2267595,188.6,C20H30O3,[M+H]+
LIPMETLIN00038,14(15) EET,OC(CCC/C=C\C/C=C\C/C=C\CC(O1)C1CCCCC)=O,321.2424087,181.2,C20H32O3,[M+H]+
LIPMETLIN00040,n-decylphosphocholine,[O-]P(OCC[N+](C)(C)C)(OCCCCCCCCCC)=O,324.2298099,190.2666667,C15H34NO4P,[M+H]+
LIPMETLIN00046,Trimethyl Sphingosine (d17:1),OC[C@@H]([C@@H](/C=C/CCCCCCCCCCCC)[O-])[N+](C)(C)C,328.3209891,199.8333333,C20H41NO2,[M+H]+
LIPMETLIN00047,Dimethyl Sphinganine (d18:0),OC[C@@](N(C)C)([H])[C@]([H])(O)CCCCCCCCCCCCCCC,330.3366383,202.8333333,C20H43NO2,[M+H]+
LIPMETLIN00048,Sphinganine (d20:0),OC[C@@H]([C@@H](CCCCCCCCCCCCCCCCC)O)N,330.3366383,198.2666667,C20H43NO2,[M+H]+
LIPMETLIN00053,Trimethyl Sphingosine (d18:1),OC[C@@]([N+](C)(C)C)([H])[C@@]([O-])([H])/C=C/CCCCCCCCCCCCC,342.3366383,204,C21H43NO2,[M+H]+
LIPMETLIN00054,C18(plasm) MG,OC[C@]([H])(O)CO/C=C\CCCCCCCCCCCCCCCC,343.3206547,204.7666667,C21H42O3,[M+H]+
LIPMETLIN00055,C12 Carnitine,CCCCCCCCCCCC(OC(C[N+](C)(C)C)CC([O-])=O)=O,344.2795207,200.1,C19H37NO4,[M+H]+
LIPMETLIN00056,N-16:0 L-Serine,O=C(O)[C@@]([H])(NC(CCCCCCCCCCCCCCC)=O)CO,344.2795207,200.4333333,C19H37NO4,[M+H]+
LIPMETLIN00057,C2 Dihydroceramide (d18:0/2:0),CCCCCCCCCCCCCCC[C@H]([C@@H](NC(=O)C)CO)O,344.3159041,204.9333333,C20H41NO3,[M+H]+
LIPMETLIN00058,Trimethyl Sphinganine (d18:0),OC[C@@H]([C@@H](CCCCCCCCCCCCCCC)O)[N+](C)(C)C,344.3522875,206.552,C21H45NO2,[M+H]+
LIPMETLIN00061,"Phytosphingosine-N,N-Dimethyl",O[C@]([H])(CCCCCCCCCCCCCC)[C@](O)([H])[C@](N(C)C)([H])CO,346.3315533,205.9666667,C20H43NO3,[M+H]+
LIPMETLIN00063,n-dodecylphosphocholine,"CCCCCCCCCCCCOP(=O)([O-])OCC[N+](C)(C)C	CCCCCCCCCCCCOP(=O)([O-])OCC[N+](C)(C)C",352.2611083,198.9333333,C17H38NO4P,[M+H]+
LIPMETLIN00067,Laurdan,O=C(CCCCCCCCCCC)c1cc2c(cc1)cc(N(C)C)cc2,354.2791265,210.3666667,C24H35NO,[M+H]+
LIPMETLIN00071,06:0 Lyso PC,O[C@](COP([O-])(OCC[N+](C)(C)C)=O)([H])COC(CCCCC)=O,356.1832565,190.6,C14H30NO7P,[M+H]+
LIPMETLIN00072,Sphingosine (d22:1),OC[C@@H]([C@@H](/C=C/CCCCCCCCCCCCCCCCC)O)N,356.3522875,204.3666667,C22H45NO2,[M+H]+
LIPMETLIN00076,N-16:0 L-Serine MeEster,O=C(OC)[C@@]([H])(NC(CCCCCCCCCCCCCCC)=O)CO,358.2951699,203.9333333,C20H39NO4,[M+H]+
LIPMETLIN00077,N-02:0 Phytosphingosine,O[C@@H]([C@H]([C@H](CO)NC(=O)C)O)CCCCCCCCCCCCCC,360.3108191,206.4333333,C20H41NO4,[M+H]+
LIPMETLIN00079,Sphingosine-1-Phosphate (d17:1),CCCCCCCCCCCC/C=C/[C@@]([H])(O)[C@]([NH3+])([H])COP([O-])(O)=O,366.2403741,199.5666667,C17H36NO5P,[M+H]+
LIPMETLIN00080,sphinganine-1-phosphate (d17:0),C([C@@H]([C@@H](CCCCCCCCCCCCCC)O)[NH3+])OP(=O)([O-])O,368.2560233,204.0333333,C17H38NO5P,[M+H]+
LIPMETLIN00081,06:0 PA,O=C(CCCCC)OC[C@]([H])(COP(O)(O)=O)OC(CCCCC)=O,369.1672729,196.0666667,C15H29O8P,[M+H]+
LIPMETLIN00083,07:0 Lyso PC,O=C(CCCCCC)OC[C@]([H])(COP(OCC[N+](C)(C)C)([O-])=O)O,370.1989057,195.7,C15H32NO7P,[M+H]+
LIPMETLIN00084,N-18:1 L-Serine,O=C(O)[C@@]([H])(NC(CCCCCCC/C=C\CCCCCCCC)=O)CO,370.2951699,203.4,C21H39NO4,[M+H]+
LIPMETLIN00086,N-palmitoyl homocysteine (PHC),OC(C(NC(CCCCCCCCCCCCCCC)=O)CCS)=O,374.2723269,207.3333333,C20H39NO3S,[M+H]+
LIPMETLIN00087,Dehydrolithocholic acid,[C@H]12[C@H]3[C@@H]([C@@]4([C@H](CC3)CC(=O)CC4)C)CC[C@@]1([C@H](CC2)[C@@H](CCC(=O)O)C)C,375.2893563,196.944,C24H38O3,[M+H]+
LIPMETLIN00090,C16 Cyclic LPA,O=P1(O)O[C@H](COCCCCCCCCCCCCCCCC)CO1,379.2607739,201.9666667,C19H39O5P,[M+H]+
LIPMETLIN00092,C16:0 anandamide phosphate,O=C(CCCCCCCCCCCCCCC)NCCOP(O)(O)=O,380.2560233,205.5,C18H38NO5P,[M+H]+
LIPMETLIN00093,Sphingosine-1-Phosphate (d18:1),C(=C\CCCCCCCCCCCCC)/[C@H]([C@H](COP(=O)(O)O)N)O,380.2560233,203.7,C18H38NO5P,[M+H]+
LIPMETLIN00094,n-tetradecylphosphocholine,"P(=O)(OCC[N+](C)(C)C)(OCCCCCCCCCCCCCC)[O-]	DTXCID70150849",380.2924067,207.2666667,C19H42NO4P,[M+H]+
LIPMETLIN00095,Sphinganine-1-Phosphate (d18:0),[C@H]([C@@H](CCCCCCCCCCCCCCC)O)(N)COP(=O)(O)O,382.2716725,207.0666667,C18H40NO5P,[M+H]+
LIPMETLIN00097,BMP22,c1(CCCCCCCCCCCCCCC)ccc(cc1)CP(=O)(O)O,383.2709439,202.424,C22H39O3P,[M+H]+
LIPMETLIN00099,08:0 Lyso PC,O=C(CCCCCCC)OC[C@]([H])(COP(OCC[N+](C)(C)C)([O-])=O)O,384.2145549,200.5333333,C16H34NO7P,[M+H]+
LIPMETLIN00100,SLP7111228,NC(N1CCC[C@H]1CC2=NC(C3=CC=C(CCCCCCCC)C=C3)=NO2)=N,384.2757733,213.6333333,C22H33N5O,[M+H]+
LIPMETLIN00101,N-18:1 L-Serine MeEster,O=C(OC)[C@@]([H])(NC(CCCCCCC/C=C\CCCCCCCC)=O)CO,384.3108191,205.8333333,C22H41NO4,[M+H]+
LIPMETLIN00104,cholestenone,C1C(=O)C=C2[C@](C1)([C@@H]1[C@@H](CC2)[C@H]2[C@](CC1)([C@H](CC2)[C@@H](CCCC(C)C)C)C)C,385.3464739,212.6333333,C27H44O,[M+H]+
LIPMETLIN00105,zymosterol,[C@H]12C3=C([C@@]4([C@@H](CC3)C[C@H](CC4)O)C)CC[C@@]1([C@H](CC2)[C@@H](CCC=C(C)C)C)C,385.3464739,208,C27H44O,[M+H]+
LIPMETLIN00108,3Beta-OH-7-oxocholenic acid,C[C@@]1([C@@]2([H])CC[C@]1([H])[C@@](C)([H])CCC(O)=O)CC[C@@]3([H])[C@@]2([H])C(C=C4C[C@@H](O)CC[C@@]43C)=O,389.2686221,196.3,C24H36O4,[M+H]+
LIPMETLIN00109,Regadenoson,OC[C@H]1O[C@H]([C@@H]([C@@H]1O)O)n1cnc2c1nc(nc2N)n1ncc(c1)C(=O)NC,391.1472863,191.6,C15H18N8O5,[M+H]+
LIPMETLIN00110,12-ketolithocholic acid,C[C@@]1([C@@]2([H])CC[C@]1([H])[C@@](C)([H])CCC(O)=O)C(C[C@@]3([H])[C@@]2([H])CC[C@]4([H])C[C@H](O)CC[C@@]43C)=O,391.2842713,195.6333333,C24H38O4,[M+H]+
LIPMETLIN00114,Apocholic acid,O[C@@H]1[C@@]([C@@H]([C@H](C)CCC(O)=O)CC2)(C)C2=C3[C@H](C1)[C@](CC[C@H]4O)(C)[C@@H](C4)CC3,391.2842713,210.9,C24H38O4,[M+H]+
LIPMETLIN00115,N-20:4 L-Serine (ARA-S),O=C(O)[C@@]([H])(NC(CCC/C=C\C/C=C\C/C=C\C/C=C\CCCCC)=O)CO,392.2795207,201.9333333,C23H37NO4,[M+H]+
LIPMETLIN00116,16:0 Cyclic LPA,O=C(CCCCCCCCCCCCCCC)OC[C@@]1([H])OP(OC1)(O)=O,393.2400397,209.5,C19H37O6P,[M+H]+
LIPMETLIN00118,Hyodeoxycholic acid,C[C@H](CCC(=O)O)[C@H]1CC[C@H]2[C@@H]3C[C@@H]([C@@H]4C[C@@H](CC[C@]4(C)[C@H]3CC[C@]12C)O)O,393.2999205,216.2,C24H40O4,[M+H]+
LIPMETLIN00119,Isodeoxycholic acid,C[C@@]1([C@@]2([H])CC[C@]1([H])[C@@](C)([H])CCC(O)=O)[C@@H](O)C[C@@]3([H])[C@@]2([H])[C@H](O)C[C@]4([H])CCCC[C@@]43C,393.2999205,198.2333333,C24H40O4,[M+H]+
LIPMETLIN00122,C17:0 anandamide phosphate,O=C(CCCCCCCCCCCCCCCC)NCCOP(O)(O)=O,394.2716725,209.1333333,C19H40NO5P,[M+H]+
LIPMETLIN00125,C16 LPA,[H][C@](O)(COP(O)(O)=O)COCCCCCCCCCCCCCCCC,397.2713381,208.2,C19H41O6P,[M+H]+
LIPMETLIN00126,04:0 PC,O=C(CCC)OC[C@]([H])(COP(OCC[N+](C)(C)C)([O-])=O)OC(CCC)=O,398.1938207,196.2,C16H32NO8P,[M+H]+
LIPMETLIN00127,09:0 Lyso PC,C([C@H](COP(=O)([O-])OCC[N+](C)(C)C)O)OC(=O)CCCCCCCC,398.2302041,204.998,C17H36NO7P,[M+H]+
LIPMETLIN00128,D-ribo-Phytosphingosine-1-Phosphate,O[C@]([H])(CCCCCCCCCCCCCC)[C@](O)([H])[C@]([NH3+])([H])COP([O-])(O)=O,398.2665875,212.7333333,C18H40NO6P,[M+H]+
LIPMETLIN00131,C16 Carnitine,[C@H](OC(=O)CCCCCCCCCCCCCCC)(C[N+](C)(C)C)CC(=O)[O-],400.3421175,216.0666667,C23H45NO4,[M+H]+
LIPMETLIN00132,C6 Dihydroceramide (d18:0/6:0),OC[C@]([H])(NC(CCCCC)=O)[C@]([H])(O)CCCCCCCCCCCCCCC,400.3785009,221.5666667,C24H49NO3,[M+H]+
LIPMETLIN00133,10:0 DG,[C@H](COC(=O)CCCCCCCCC)(OC(=O)CCCCCCCCC)CO,401.3261339,223.8,C23H44O5,[M+H]+
LIPMETLIN00134,15-ketocholestene,CC(CCC[C@H]([C@H]1CC(=O)C2=C3C(CC[C@]12C)[C@@]1(C)CC[C@@H](C[C@@H]1CC3)O)C)C,401.3413889,211.4333333,C27H44O2,[M+H]+
LIPMETLIN00135,27-hydroxy cholestenone,CC1(CC2)C(CCC3C1CCC4(C)C3CCC4C(CCCC(C)CO)C)=CC2=O,401.3413889,216.3666667,C27H44O2,[M+H]+
LIPMETLIN00136,7a-hydroxycholestenone,CC(C)CCC[C@@H](C)[C@H]1CC[C@@]2([H])[C@]3([H])[C@H](O)CC4=CC(CC[C@]4(C)[C@@]3([H])CC[C@]12C)=O,401.3413889,214.3,C27H44O2,[M+H]+
LIPMETLIN00137,DMHCA,[H][C@@]1(CC[C@@]2([C@]3(CC[C@]4(C)[C@@]([C@H](C)CCC(N(C)C)=O)(CC[C@@]([C@](CC=C2C1)3[H])4[H])[H])[H])C)O,402.3366383,213.7333333,C26H43NO2,[M+H]+
LIPMETLIN00139,15-ketocholestane,[C@@H]12[C@H](CC[C@]3([C@H]1C(=O)C[C@@H]3[C@@H](CCCC(C)C)C)C)[C@@]1([C@@H](CC2)C[C@H](CC1)O)C,403.3570381,212.507,C27H46O2,[M+H]+
LIPMETLIN00145,"5a,6a-epoxycholestanol",[C@@]123[C@@]([C@@H]4[C@@H](C[C@@H]1O2)[C@H]1[C@](CC4)([C@H](CC1)[C@@H](CCCC(C)C)C)C)(CC[C@@H](C3)O)C,403.3570381,215.3333333,C27H46O2,[M+H]+
LIPMETLIN00146,"5b,6b-epoxycholestanol",[H][C@@]12[C@]([C@](CC[C@H](O)C3)(C)[C@]3(O4)[C@H]4C2)([H])CC[C@@]5(C)[C@@]1([H])CC[C@]5([H])[C@]([H])(C)CCCC(C)C,403.3570381,215.4,C27H46O2,[M+H]+
LIPMETLIN00149,C18:2 anandamide phosphate,N(CCOP(=O)(O)O)C(=O)CCCCCCC/C=C\C/C=C\CCCCC,404.2560233,199.606,C20H38NO5P,[M+H]+
LIPMETLIN00150,"6,7-diketolithocholic acid",[H][C@@]12[C@]([C@](CC[C@@H](O)C3)(C)[C@]3([H])C(C2=O)=O)([H])CC[C@@]4(C)[C@@]1([H])CC[C@]4([H])[C@]([H])(C)CCC(O)=O,405.2635371,201.2,C24H36O5,[M+H]+
LIPMETLIN00152,C18:1 Cyclic LPA,CCCCCCCC/C=C\CCCCCCCCOC[C@@H]1COP(O1)(O)=O,405.2764231,213.4333333,C21H41O5P,[M+H]+
LIPMETLIN00154,17:0 Cyclic LPA,O=P1(O)O[C@H](COC(CCCCCCCCCCCCCCCC)=O)CO1,407.2556889,213.5333333,C20H39O6P,[M+H]+
LIPMETLIN00155,12-ketochenodeoxycholic acid,[H][C@@]12[C@]([C@](CC[C@@H](O)C3)(C)[C@]3([H])C[C@H]2O)([H])CC([C@@]4(C)[C@@]1([H])CC[C@]4([H])[C@]([H])(C)CCC(O)=O)=O,407.2791863,197.8,C24H38O5,[M+H]+
LIPMETLIN00157,7-Ketodeoxycholic acid,C[C@H](CCC(=O)O)[C@H]1CC[C@H]2[C@H]3[C@H](C[C@@H]([C@]12C)O)[C@@]1(C)CC[C@H](C[C@H]1CC3=O)O,407.2791863,200.2666667,C24H38O5,[M+H]+
LIPMETLIN00158,Dimethyl Sphingosine-1-Phosphate (d18:1),OP(O)(OC[C@@](N(C)C)([H])[C@]([H])(O)/C=C/CCCCCCCCCCCCC)=O,408.2873217,212.7,C20H42NO5P,[M+H]+
LIPMETLIN00159,C-16Miltefosine,"CCCCCCCCCCCCCCCCOP(=O)([O-])OCC[N+](C)(C)C	CCCCCCCCCCCCCCCCOP(=O)([O-])OCC[N+](C)(C)C",408.3237051,215.2333333,C21H46NO4P,[M+H]+
LIPMETLIN00160,Allocholic acid,C[C@H](CCC(=O)O)[C@H]1CC[C@H]2[C@H]3C(C[C@@H]([C@]12C)O)[C@@]1(C)CC[C@H](C[C@@H]1C[C@H]3O)O,409.2948355,203.5,C24H40O5,[M+H]+
LIPMETLIN00163,Cholic acid,[C@H]12[C@H]3[C@@]([C@H](CC3)[C@@H](CCC(=O)O)C)([C@H](C[C@@H]1[C@@]1([C@H](C[C@H]2O)C[C@@H](CC1)O)C)O)C,409.2948355,200.0666667,C24H40O5,[M+H]+
LIPMETLIN00165,Ursocholic acid,C[C@@]1([C@@]2([H])CC[C@]1([H])[C@@](C)([H])CCC(O)=O)[C@@H](O)C[C@@]3([H])[C@@]2([H])[C@@H](O)C[C@]4([H])C[C@H](O)CC[C@@]43C,409.2948355,201.0333333,C24H40O5,[M+H]+
LIPMETLIN00167,SLC5111312,NC(N1CC[C@H](O)[C@H]1C2=NC(C3=CC4=CC=C(OCCCCC)C=C4C=C3)=NO2)=N,410.2186557,220.9333333,C22H27N5O3,[M+H]+
LIPMETLIN00169,Sphinganine-1-Phosphate (d20:0),[H][C@](CCCCCCCCCCCCCCCCC)(O)[C@]([NH3+])([H])COP([O-])(O)=O,410.3029709,212.9333333,C20H44NO5P,[M+H]+
LIPMETLIN00171,06:0 PE,[C@H](COC(=O)CCCCC)(OC(=O)CCCCC)COP(=O)(OCCN)O,412.2094699,200.303,C17H34NO8P,[M+H]+
LIPMETLIN00172,10:0 Lyso PC,O=C(CCCCCCCCC)OC[C@]([H])(COP(OCC[N+](C)(C)C)([O-])=O)O,412.2458533,209.0333333,C18H38NO7P,[M+H]+
LIPMETLIN00173,13:0 Lyso PE,O=C(CCCCCCCCCCCC)OC[C@]([H])(COP(OCCN)(O)=O)O,412.2458533,204.3333333,C18H38NO7P,[M+H]+
LIPMETLIN00176,Dihydro FF-MAS,C12=C(CC[C@]3(C1=CC[C@@H]3[C@@H](CCCC(C)C)C)C)[C@@]1(C(CC2)C([C@H](CC1)O)(C)C)C,413.3777723,216.175,C29H48O,[M+H]+
LIPMETLIN00177,3-oxo-4-cholestenoic acid,C1CC(=O)C=C2C1(C1C(CC2)C2C(CC1)(C(CC2)C(C)CCCC(C(=O)O)C)C)C,415.3206547,216.8666667,C27H42O3,[M+H]+
LIPMETLIN00178,diosgenin,[C@@]12([C@H]([C@H]3[C@@H](O1)C[C@@H]1[C@@]3(CC[C@H]3[C@H]1CC=C1[C@@]3(CC[C@@H](C1)O)C)C)C)CC[C@@H](CO2)C,415.3206547,209.0333333,C27H42O3,[M+H]+
LIPMETLIN00180,"7?,27-dihydroxy-4-cholesten-3-one",[H][C@@]12[C@]([C@](CC3)(C)C(C[C@H]2O)=CC3=O)([H])CC[C@@]4(C)[C@@]1([H])CC[C@]4([H])[C@]([H])(C)CCC[C@@H](C)CO,417.3363039,218.2333333,C27H44O3,[M+H]+
LIPMETLIN00181,"7a,24(S)-dihydroxy-4-cholesten-3-one",CC(C)[C@@H](O)CC[C@@H](C)[C@H]1CC[C@@]2([H])[C@]3([H])[C@H](O)CC4=CC(CC[C@]4(C)[C@@]3([H])CC[C@]12C)=O,417.3363039,216.9666667,C27H44O3,[M+H]+
LIPMETLIN00182,7-keto-25-hydroxycholesterol,[H][C@@]12[C@]([C@](CC[C@H](O)C3)(C)C3=CC2=O)([H])CC[C@@]4(C)[C@@]1([H])CC[C@]4([H])[C@]([H])(C)CCCC(C)(O)C,417.3363039,213.1666667,C27H44O3,[M+H]+
LIPMETLIN00183,7-keto-27-hydroxycholesterol,C[C@@]1([C@@]2([H])CC[C@]1([H])[C@@](C)([H])CCC[C@@H](C)CO)CC[C@@]3([H])[C@@]2([H])C(C=C4C[C@@H](O)CC[C@@]43C)=O,417.3363039,212.7,C27H44O3,[M+H]+
LIPMETLIN00184,18:1 Cyclic LPA,O=P1(O)OC(COC(CCCCCCC/C=C\CCCCCCCC)=O)CO1,419.2556889,210.7333333,C21H39O6P,[M+H]+
LIPMETLIN00185,"24S,27-dihydroxycholesterol",C[C@]12CCC([C@](CC[C@H](O)C3)(C)C3=CC4)C4C1CCC2[C@@H](C)CC[C@H](O)[C@@H](C)CO,419.3519531,196.8666667,C27H46O3,[M+H]+
LIPMETLIN00186,6-keto-5a-hydroxycholesterol,C[C@]12CCC([C@](CC[C@H](O)C3)(C)[C@@]3(O)C(C4)=O)C4C1CC[C@]2([H])[C@]([H])(C)CCCC(C)C,419.3519531,213.9333333,C27H46O3,[M+H]+
LIPMETLIN00187,Atheronal A,C[C@]12CC[C@@]([C@](CC[C@H](O)C3)(C)C3=O)([H])[C@](CC=O)([H])C1CC[C@]2([H])[C@]([H])(C)CCCC(C)C,419.3519531,226.1666667,C27H46O3,[M+H]+
LIPMETLIN00191,C18:1 LPA,C([C@H](COP(=O)(O)O)O)OCCCCCCCC/C=C\CCCCCCCC,423.2869873,207.718,C21H43O6P,[M+H]+
LIPMETLIN00192,Sphingosyl PE (d18:1),C([C@@H]([C@@H](/C=C/CCCCCCCCCCCCC)O)N)OP(=O)([O-])OCC[NH3+],423.2982203,216.3666667,C20H43N2O5P,[M+H]+
LIPMETLIN00195,"3a,6a,7a,12a-tetrahydroxy bile acid (THBA)",C[C@@]1([C@@]2([H])CC[C@]1([H])[C@@](C)([H])CCC(O)=O)[C@@H](O)C[C@@]3([H])[C@@]2([H])[C@H](O)[C@H](O)[C@]4([H])C[C@H](O)CC[C@@]43C,425.2897505,201.7666667,C24H40O6,[M+H]+
LIPMETLIN00196,"3a,6b,7a,12a-tetrahydroxy bile acid (THBA)",C[C@@]1([C@@]2([H])CC[C@]1([H])[C@@](C)([H])CCC(O)=O)[C@@H](O)C[C@@]3([H])[C@@]2([H])[C@H](O)[C@@H](O)[C@]4([H])C[C@H](O)CC[C@@]43C,425.2897505,203.3,C24H40O6,[M+H]+
LIPMETLIN00197,C18 LPA,CCCCCCCCCCCCCCCCCCOC[C@@H](O)COP(O)(O)=O,425.3026365,214.8,C21H45O6P,[M+H]+
LIPMETLIN00198,05:0 PC,[C@H](COC(=O)CCCC)(OC(=O)CCCC)COP(=O)(OCC[N+](C)(C)C)[O-],426.2251191,204.628,C18H36NO8P,[M+H]+
LIPMETLIN00199,11:0 Lyso PC,O=C(CCCCCCCCCC)OC[C@]([H])(COP(OCC[N+](C)(C)C)([O-])=O)O,426.2615025,212.9,C19H40NO7P,[M+H]+
LIPMETLIN00200,06:0 Diether PC,P(=O)([O-])(OCC[N+](C)(C)C)OC[C@@H](COCCCCCC)OCCCCCC,426.2978859,219.3,C20H44NO6P,[M+H]+
LIPMETLIN00201,C18:1(delta9-cis) Carnitine,C[N+](C)(C)C[C@H](OC(CCCCCCC/C=C\CCCCCCCC)=O)CC([O-])=O,426.3577667,218.4666667,C25H47NO4,[M+H]+
LIPMETLIN00203,lanosterol,C[C@]([C@@]1(C)[C@@]2([H])[C@@](C)([H])CC/C=C(C)/C)(CC2)C(CC3)=C(CC1)[C@](CC4)(C)[C@]3([H])C(C)(C)[C@H]4O,427.3934215,215.6333333,C30H50O,[M+H]+
LIPMETLIN00205,C8 Dihydroceramide (d18:0/8:0),CCCCCCCCCCCCCCC[C@H]([C@H](CO)N=C(CCCCCCC)O)O,428.4097993,229.77,C26H53NO3,[M+H]+
LIPMETLIN00206,dihydrolanosterol,C[C@]([C@@]1(C)[C@@]2([H])[C@@](C)([H])CCCC(C)C)(CC2)C(CC3)=C(CC1)[C@](CC4)(C)[C@]3([H])C(C)(C)[C@H]4O,429.4090707,219.7666667,C30H52O,[M+H]+
LIPMETLIN00207,3Beta-hydroxy-7-oxo-5-cholestenoic acid,[H][C@@]12[C@]([C@](CC[C@H](O)C3)(C)C3=CC2=O)([H])CC[C@@]4(C)[C@@]1([H])CC[C@]4([H])[C@]([H])(C)CCC[C@@H](C)C(O)=O,431.3155697,212.7,C27H42O4,[M+H]+
LIPMETLIN00208,7a-hydroxy-3-oxo-4-cholestenoic acid,[H][C@@]12[C@]([C@](CC3)(C)C(C[C@H]2O)=CC3=O)([H])CC[C@@]4(C)[C@@]1([H])CC[C@]4([H])[C@]([H])(C)CCC[C@@H](C)C(O)=O,431.3155697,218.7666667,C27H42O4,[M+H]+
LIPMETLIN00210,"3Beta,24S-dihydroxy-5-cholestenoic acid",O[C@H](C1)CC[C@](C1=CC2)(C)C3C2C(CC[C@@H]4[C@H](C)CC[C@H](O)[C@@H](C)C(O)=O)[C@]4(C)CC3,433.3312189,235.6,C27H44O4,[M+H]+
LIPMETLIN00216,12:0 Lyso PC,O[C@](COP([O-])(OCC[N+](C)(C)C)=O)([H])COC(CCCCCCCCCCC)=O,440.2771517,216.9666667,C20H42NO7P,[M+H]+
LIPMETLIN00218,N-08:0 Phytosphingosine,O[C@@H]([C@H]([C@H](CO)NC(CCCCCCC)=O)O)CCCCCCCCCCCCCC,444.4047143,230.8,C26H53NO4,[M+H]+
LIPMETLIN00221,Glycochenodeoxycholic acid,[C@H]12[C@H]3[C@@H]([C@@]4([C@H](C[C@H]3O)C[C@@H](CC4)O)C)CC[C@@]1([C@H](CC2)[C@@H](CCC(=O)NCC(=O)O)C)C,450.3213833,197.1666667,C26H43NO5,[M+H]+
LIPMETLIN00222,Glycohyodeoxycholic acid,C[C@]([C@@]1([H])CC[C@]2([H])C1(C)CC[C@@]3([H])[C@@]2([H])C[C@H](O)[C@@]4([H])[C@]3(C)CC[C@@H](O)C4)([H])CCC(NCC(O)=O)=O,450.3213833,200.3666667,C26H43NO5,[M+H]+
LIPMETLIN00223,Glycoursodeoxycholic acid,O[C@@H](C1)CC[C@]([C@]1([H])C[C@@H]2O)(C)[C@]3([H])[C@]2([H])[C@@](CC[C@]4([H])[C@]([H])(C)CCC(NCC(O)=O)=O)([H])[C@]4(C)CC3,450.3213833,212.2,C26H43NO5,[M+H]+
LIPMETLIN00224,Lyso SM (d17:1),[H][C@](N)(COP(OCC[N+](C)(C)C)([O-])=O)[C@@](O)([H])/C=C/CCCCCCCCCCCC,451.3295187,224.9,C22H47N2O5P,[M+H]+
LIPMETLIN00227,SLM6031434,N=C(N)N1CCC[C@H]1C2=NC(C3=CC(C(F)(F)F)=C(OCCCCCCCC)C=C3)=NO2,454.2424241,228.1333333,C22H30F3N5O2,[M+H]+
LIPMETLIN00228,06:0 PC (DHPC),[C@H](COC(=O)CCCCC)(OC(=O)CCCCC)COP(=O)(OCC[N+](C)(C)C)[O-],454.2564175,214.044,C20H40NO8P,[M+H]+
LIPMETLIN00229,13:0 Lyso PC,O=C(CCCCCCCCCCCC)OC[C@]([H])(COP(OCC[N+](C)(C)C)([O-])=O)O,454.2928009,220.3333333,C21H44NO7P,[M+H]+
LIPMETLIN00230,16:0 Lyso PE,C([C@H](COP(=O)([O-])OCC[NH3+])O)OC(=O)CCCCCCCCCCCCCCC,454.2928009,215.515,C21H44NO7P,[M+H]+
LIPMETLIN00231,C10 Ceramide (d18:1/10:0),[H][C@](/C=C/CCCCCCCCCCCCC)(O)CNC(CCCCCCCCCCCCC/C=C\CCCCCCCC)=O,454.4254485,233.3,C28H55NO3,[M+H]+
LIPMETLIN00232,N-C12-desoxymethylsphinganine,C([C@@H](CCCCCCCCCCCCCCC)O)NC(=O)CCCCCCCCCCC,454.4618319,237.719,C29H59NO2,[M+H]+
LIPMETLIN00233,06:0 PS,O=C(CCCCC)OC[C@]([H])(COP(OC[C@](C(O)=O)([H])N)(O)=O)OC(CCCCC)=O,456.1992999,205.9666667,C18H34NO10P,[M+H]+
LIPMETLIN00234,13:0 Lyso PS,O=C(CCCCCCCCCCCC)OC[C@]([H])(COP(OC[C@](C(O)=O)([H])N)(O)=O)O,456.2356833,212.9333333,C19H38NO9P,[M+H]+
LIPMETLIN00235,14:0 Lyso PG,[H][C@@](CO)(O)COP(OC[C@]([H])(O)COC(CCCCCCCCCCCCC)=O)(O)=O,457.2560831,220.9666667,C20H41O9P,[M+H]+
LIPMETLIN00237,Trans-AzCA4,O=C(CCCC1=CC=C(/N=N/C2=CC=C(CCCC)C=C2)C=C1)NCC3=CC(O)=C(OC)C=C3,460.2594553,214.1666667,C28H33N3O3,[M+H]+
LIPMETLIN00238,Glycodehydrocholic acid,[C@@H]12[C@H](CC(=O)[C@]3([C@H]1CC[C@@H]3[C@@H](CCC(=O)NCC(=O)O)C)C)[C@@]1([C@H](CC2=O)CC(=O)CC1)C,460.2693507,202.6,C26H37NO6,[M+H]+
LIPMETLIN00239,"C6 ceramide-1,3-cyclic-phosphate (d18:1/6:0)",CCCCCCCCCCCCC/C=C/[C@@H](O1)[C@@H](NC(CCCCC)=O)COP1(O)=O,460.3186201,227.7333333,C24H46NO5P,[M+H]+
LIPMETLIN00240,RBM14C12,OC[C@H](NC(CCCCCCCCCCC)=O)[C@H](O)CCOC1=CC=C(C=CC(O2)=O)C2=C1,462.2849999,221.7333333,C26H39NO6,[M+H]+
LIPMETLIN00241,Galactosyl(Beta) Sphingosine (d18:1),[C@H]1(O[C@@H]([C@@H]([C@@H]([C@H]1O)O)O)CO)OC[C@@H]([C@@H](/C=C/CCCCCCCCCCCCC)O)N,462.3425117,221.5333333,C24H47NO7,[M+H]+
LIPMETLIN00242,Glucosyl(a) Sphingosine (d18:1),O[C@H]1[C@@H](OC[C@H](N)[C@H](O)/C=C/CCCCCCCCCCCCC)O[C@H](CO)[C@H](O)[C@@H]1O,462.3425117,221.4,C24H47NO7,[M+H]+
LIPMETLIN00243,Glucosyl(b) Sphingosine (d18:1),[H][C@](/C=C/CCCCCCCCCCCCC)(O)[C@](N)([H])CO[C@H](O1)[C@H](O)[C@@H](O)[C@@H]([C@H]1CO)O,462.3425117,222.3666667,C24H47NO7,[M+H]+
LIPMETLIN00245,Lyso SM (d18:1),CCCCCCCCCCCCC/C=C/C(C(COP([O-])(OCC[N+](C)(C)C)=O)N)O,465.3451679,228.4666667,C23H49N2O5P,[M+H]+
LIPMETLIN00246,17:1 Lyso PE,O[C@](COP([O-])(OCC[NH3+])=O)([H])COC(CCCCCCCC/C=C\CCCCCC)=O,466.2928009,213.2333333,C22H44NO7P,[M+H]+
LIPMETLIN00247,Glyco-gamma-muricholic acid,[H][C@@]12[C@]([C@](CC[C@@H](O)C3)(C)[C@]3([H])[C@@H](O)[C@H]2O)([H])CC[C@@]4(C)[C@@]1([H])CC[C@]4([H])[C@]([H])(C)CCC(NCC(O)=O)=O,466.3162983,200.1,C26H43NO6,[M+H]+
LIPMETLIN00248,C18(Plasm) LPE,[O-]P(OCC[N+]([H])([H])[H])(OC[C@]([H])(O)CO/C=C\CCCCCCCCCCCCCCCC)=O,466.3291838,221.95,C23H48NO6P,[M+H]+
LIPMETLIN00249,N-C12-deoxysphingosine,C[C@@](NC(CCCCCCCCCCC)=O)([H])[C@]([H])(O)/C=C/CCCCCCCCCCCCC,466.4618319,237.7,C30H59NO2,[M+H]+
LIPMETLIN00250,2S-OMPT,"CCCCCCCC/C=CCCCCCCCC(=O)OC[CH](COP(O)(O)=S)OC	CCCCCCCCC=CCCCCCCCC(=O)OC[C@@H](COP(O)(O)=S)OC",467.2590593,221.0666667,C22H43O6PS,[M+H]+
LIPMETLIN00251,Lyso SM (dihydro) (d18:0),[C@H]([C@@H](CCCCCCCCCCCCCCC)O)(N)COP(=O)(OCC[N+](C)(C)C)[O-],467.3608171,235.7333333,C23H51N2O5P,[M+H]+
LIPMETLIN00252,08:0 PE,O=C(CCCCCCC)OC[C@]([H])(COP(OCCN)(O)=O)OC(CCCCCCC)=O,468.2720667,219.7666667,C21H42NO8P,[M+H]+
LIPMETLIN00253,14:0 Lyso PC,O[C@](COP([O-])(OCC[N+](C)(C)C)=O)([H])COC(CCCCCCCCCCCCC)=O,468.3084501,224.3333333,C22H46NO7P,[M+H]+
LIPMETLIN00254,N-12:0-1-deoxysphinganine,CCCCCCCCCCCCCCC[C@@H](O)[C@@H](NC(CCCCCCCCCCC)=O)C,468.4774811,242.7,C30H61NO2,[M+H]+
LIPMETLIN00256,D-threo-PPMP,CCCCCCCCCCCCCCCC(N[C@@H]([C@@H](C1=CC=CC=C1)O)CN2CCOCC2)=O,475.3893995,230.2333333,C29H50N2O3,[M+H]+
LIPMETLIN00257,18:1 Lyso PE,[H][C@@](COC(CCCCCCC/C=C\CCCCCCCC)=O)(COP(O)(OCCN)=O)O,480.3084501,217.1666667,C23H46NO7P,[M+H]+
LIPMETLIN00258,2-18:1 Lyso PE,[O-]P(OCC[NH3+])(OC[C@]([H])(OC(CCCCCCC/C=C\CCCCCCCC)=O)CO)=O,480.3084501,217.3333333,C23H46NO7P,[M+H]+
LIPMETLIN00259,C16(Plasm) LPC,[H][C@](O)(COP(OCC[N+](C)(C)C)([O-])=O)CO/C=C\CCCCCCCCCCCCCC,480.3448335,228.5,C24H50NO6P,[M+H]+
LIPMETLIN00260,10:0 PA,[H][C@@](COP(O)(O)=O)(OC(CCCCCCCCC)=O)COC(CCCCCCCCC)=O,481.2924665,231.8,C23H45O8P,[M+H]+
LIPMETLIN00261,07:0 PC (DHPC),O=C(CCCCCC)OC[C@]([H])(COP(OCC[N+](C)(C)C)([O-])=O)OC(CCCCCC)=O,482.2877159,223.7,C22H44NO8P,[M+H]+
LIPMETLIN00262,15:0 Lyso PC,C([C@H](COP(=O)([O-])OCC[N+](C)(C)C)O)OC(=O)CCCCCCCCCCCCCC,482.3240993,227.6333333,C23H48NO7P,[M+H]+
LIPMETLIN00263,18:0 Lyso PE,O=C(CCCCCCCCCCCCCCCCC)OC[C@]([H])(COP(OCCN)(O)=O)O,482.3240988,223.4,C23H48NO7P,[M+H]+
LIPMETLIN00264,C12 Ceramide (d18:1/12:0),OC[C@H](NC(=O)CCCCCCCCCCC)[C@H](O)/C=C/CCCCCCCCCCCCC,482.4567469,241.721,C30H59NO3,[M+H]+
LIPMETLIN00265,C16 Ceramide (d14:1/16:0),[H][C@](NC(CCCCCCCCCCCCCCC)=O)(CO)[C@@](O)([H])/C=C/CCCCCCCCC,482.4567469,241.5333333,C30H59NO3,[M+H]+
LIPMETLIN00267,Phytosphingosine Phosphocholine,O[C@]([H])(CCCCCCCCCCCCCC)[C@](O)([H])[C@](N)([H])COP([O-])(OCC[N+](C)(C)C)=O,483.3557321,236.8666667,C23H51N2O6P,[M+H]+
LIPMETLIN00268,C12 Dihydroceramide (d18:0/12:0),OC[C@]([H])(NC(CCCCCCCCCCC)=O)[C@]([H])(O)CCCCCCCCCCCCCCC,484.4723961,245.9333333,C30H61NO3,[M+H]+
LIPMETLIN00269,16:0 Lyso PG,[H][C@@](CO)(O)COP(OCC([H])(O)COC(CCCCCCCCCCCCCCC)=O)(O)=O,485.2873815,228.6666667,C22H45O9P,[M+H]+
LIPMETLIN00270,Galactosyl(b) Dimethyl Sphingosine (d18:1),[H][C@](/C=C/CCCCCCCCCCCCC)(O)[C@](N(C)C)([H])CO[C@H](O1)[C@H](O)[C@@H](O)[C@H]([C@H]1CO)O,490.3738101,228.6333333,C26H51NO7,[M+H]+
LIPMETLIN00271,glucosyl (Beta) Sphingosine (d20:1),[H][C@](/C=C/CCCCCCCCCCCCCCC)(O)[C@](N)([H])CO[C@H](O1)[C@H](O)[C@@H](O)[C@@H]([C@H]1CO)O,490.3738101,229.0333333,C26H51NO7,[M+H]+
LIPMETLIN00273,14:0-d27 Lyso PC,O[C@](COP([O-])(OCC[N+](C)(C)C)=O)([H])COC(C([2H])([2H])C([2H])([2H])C([2H])([2H])C([2H])([2H])C([2H])([2H])C([2H])([2H])C([2H])([2H])C([2H])([2H])C([2H])([2H])C([2H])([2H])C([2H])([2H])C([2H])([2H])C([2H])([2H])[2H])=O,495.4751859,225.2333333,C22H19NO7PD27,[M+H]+
LIPMETLIN00274,16:0 Lyso PC,P(=O)(OCC(COC(=O)CCCCCCCCCCCCCCC)O)(OCC[N+](C)(C)C)O,496.3397485,231.7333333,C24H50NO7P,[M+H]+
LIPMETLIN00275,2-16:0 Lyso PC,P(=O)([O-])(OCC[N+](C)(C)C)OC[C@@H](CO)OC(=O)CCCCCCCCCCCCCCC,496.3397485,232.5666667,C24H50NO7P,[M+H]+
LIPMETLIN00276,C17 Lyso PAF,[C@H](COCCCCCCCCCCCCCCCCC)(O)COP(=O)(OCC[N+](C)(C)C)[O-],496.3761319,236.5,C25H54NO6P,[M+H]+
LIPMETLIN00277,17:1 Lyso PG,[H][C@@](COP(O)(OCC(O)CO)=O)(O)COC(CCCCCCCC/C=C\CCCCCC)=O,497.2873815,225.8,C23H45O9P,[M+H]+
LIPMETLIN00278,16:0 Lyso PS,O=C(CCCCCCCCCCCCCCC)OC[C@]([H])(COP(OC[C@](C(O)=O)([H])N)(O)=O)O,498.2826309,223.4333333,C22H44NO9P,[M+H]+
LIPMETLIN00279,12:0(2S-OH) Ceramide,CCCCCCCCCCCCC/C=C/[C@@H](O)[C@@H](NC([C@@H](O)CCCCCCCCCC)=O)CO,498.4516619,246.3666667,C30H59NO4,[M+H]+
LIPMETLIN00280,12:0(2S-OH) Ceramide,CCCCCCCCCCCCC/C=C/[C@@H](O)[C@@H](NC([C@@H](O)CCCCCCCCCC)=O)CO,498.4516619,246.3666667,C30H59NO4,[M+H]+
LIPMETLIN00281,N-P Tyrosine PA,CCCCCCCCCCCCCCCC(N[C@@](C(O)=O)([H])CC1=CC=C(OP(O)(O)=O)C=C1)=O,500.2771517,229.4,C25H42NO7P,[M+H]+
LIPMETLIN00282,"Taurochenodeoxycholic acid, sodium salt",[C@H]12[C@H]3[C@@H]([C@@]4([C@H](C[C@H]3O)C[C@@H](CC4)O)C)CC[C@@]1([C@H](CC2)[C@@H](CCC(=O)NCCS(=O)(=O)O)C)C,500.3040195,212.5,C26H45NO6S,[M+H]+
LIPMETLIN00283,Taurodeoxycholic acid,O[C@@H]1CC[C@]2([C@@H](C1)CC[C@@H]1[C@@H]2C[C@H](O)[C@]2([C@H]1CC[C@@H]2C(CCC(=O)NCCS(=O)(=O)O)C)C)C,500.3040195,206,C26H45NO6S,[M+H]+
LIPMETLIN00285,Tauroursodeoxycholic acid,C1[C@H](C[C@@H]2[C@](C1)([C@@H]1[C@@H]([C@H](C2)O)[C@H]2[C@](CC1)([C@H](CC2)[C@H](C)CCC(=O)NCCS(=O)(=O)O)C)C)O,500.3040195,216.4666667,C26H45NO6S,[M+H]+
LIPMETLIN00286,DC-Cholesterol?HCl,[H][C@](C1)(OC(NCCN(C)C)=O)CC[C@@]2(C)C1=CC[C@]3([H])[C@]2([H])CC[C@@]4(C)[C@@]3([H])CC[C@]4([H])[C@H](C)CCCC(C)C,501.4414321,254.5333333,C32H56N2O2,[M+H]+
LIPMETLIN00289,02:0 SM (d18:1/2:0),[H][C@](/C=C/CCCCCCCCCCCCC)(O)[C@@]([H])(NC(C)=O)COP([O-])(OCC[N+](C)(C)C)=O,507.3557321,235.8333333,C25H51N2O6P,[M+H]+
LIPMETLIN00290,17:1 Lyso PC,O=C(CCCCCCC/C=C\CCCCCCC)OC[C@]([H])(COP(OCC[N+](C)(C)C)([O-])=O)O,508.3397485,229.4666667,C25H50NO7P,[M+H]+
LIPMETLIN00291,C18(Plasm) LPC,[H][C@](O)(COP(OCC[N+](C)(C)C)([O-])=O)CO/C=C\CCCCCCCCCCCCCCCC,508.3761319,236.1,C26H54NO6P,[M+H]+
LIPMETLIN00293,N-C16-desoxymethylsphingosine,C([C@@H](/C=C/CCCCCCCCCCCCC)O)NC(=O)CCCCCCCCCCCCCCC,508.5087795,249.4,C33H65NO2,[M+H]+
LIPMETLIN00294,Taurodehydrocholic acid,[H][C@@]12[C@]([C@](CCC(C3)=O)(C)[C@]3([H])CC2=O)([H])CC([C@@]4(C)[C@@]1([H])CC[C@]4([H])[C@]([H])(C)CCC(NCCS(=O)(O)=O)=O)=O,510.2519869,211.3333333,C26H39NO7S,[M+H]+
LIPMETLIN00295,17:1 Lyso PS,O[C@](COP(O)(OC[C@](C([O-])=O)([H])[NH3+])=O)([H])COC(CCCCCCCC/C=C\CCCCCC)=O,510.2826309,221.4,C23H44NO9P,[M+H]+
LIPMETLIN00296,08:0 PC,[C@H](COC(=O)CCCCCCC)(OC(=O)CCCCCCC)COP(=O)(OCC[N+](C)(C)C)[O-],510.3190143,231.8,C24H48NO8P,[M+H]+
LIPMETLIN00297,17:0 Lyso PC,CCCCCCCCCCCCCCCCC(=O)OCC(COP(=O)([O-])OCC[N+](C)(C)C)O,510.3553977,235.5,C25H52NO7P,[M+H]+
LIPMETLIN00298,C14 Ceramide (d18:1/14:0),[C@H]([C@@H](/C=C/CCCCCCCCCCCCC)O)(NC(=O)CCCCCCCCCCCCC)CO,510.4880453,249.7666667,C32H63NO3,[M+H]+
LIPMETLIN00299,N-C16-desoxymethylsphinganine,[H][C@](CCCCCCCCCCCCCCC)(O)CNC(CCCCCCCCCCCCCCC)=O,510.5244287,251.9,C33H67NO2,[M+H]+
LIPMETLIN00300,18:1 Lyso PG,[H][C@@](CO)(O)COP(OC[C@]([H])(O)COC(CCCCCCC/C=C\CCCCCCCC)=O)(O)=O,511.3030307,230.6,C24H47O9P,[M+H]+
LIPMETLIN00301,08:0 PS,C(=O)([C@H](COP(=O)(OC[C@@H](COC(=O)CCCCCCC)OC(=O)CCCCCCC)O)N)O,512.2618967,223.9666667,C22H42NO10P,[M+H]+
LIPMETLIN00302,C14 dihydroceramide (d18:0/14:0),O[C@@H]([C@H](CO)NC(CCCCCCCCCCCCC)=O)CCCCCCCCCCCCCCC,512.5036945,252.9333333,C32H65NO3,[M+H]+
LIPMETLIN00303,18:0 Lyso PG,[H][C@@](CO)(O)COP(OC[C@]([H])(O)COC(CCCCCCCCCCCCCCCCC)=O)(O)=O,513.3186799,236.1,C24H49O9P,[M+H]+
LIPMETLIN00304,14:0 DG,OC[C@@H](COC(=O)CCCCCCCCCCCCC)OC(=O)CCCCCCCCCCCCC,513.4513275,248.2666667,C31H60O5,[M+H]+
LIPMETLIN00305,18:0 Dibromo MG (S-isomer),OC[C@@](O)([H])COC(CCCCCCCC(Br)C(Br)CCCCCCCC)=O,515.1365925,222.1333333,C21H40Br2O4,[M+H]+
LIPMETLIN00306,"Tauro-?-muricholic acid, sodium salt",[H][C@@]12[C@]([C@](CC[C@@H](O)C3)(C)[C@]3([H])[C@H](O)[C@H]2O)([H])CC[C@@]4(C)[C@@]1([H])CC[C@]4([H])[C@]([H])(C)CCC(NCCS(=O)(O)=O)=O,516.2989345,217.2,C26H45NO7S,[M+H]+
LIPMETLIN00308,Taurocholic acid,C12[C@H]3[C@@]([C@H](CC3)[C@@H](CCC(=O)NCCS(=O)(=O)O)C)([C@H](C[C@@H]1[C@@]1([C@H](C[C@H]2O)C[C@@H](CC1)O)C)O)C,516.2989345,213.9333333,C26H45NO7S,[M+H]+
LIPMETLIN00309,Tauro-gamma-muricholic acid,[C@@H]12[C@H](CC[C@]3([C@H]1CC[C@@H]3[C@@H](CCC(=O)NCCS(=O)(=O)O)C)C)[C@@]1([C@H]([C@H]([C@H]2O)O)C[C@@H](CC1)O)C,516.2989345,212.57,C26H45NO7S,[M+H]+
LIPMETLIN00310,Tauro-omega-muricholic acid,[H][C@@]12[C@]([C@](CC[C@@H](O)C3)(C)[C@]3([H])[C@@H](O)[C@@H]2O)([H])CC[C@@]4(C)[C@@]1([H])CC[C@]4([H])[C@]([H])(C)CCC(NCCS(=O)(O)=O)=O,516.2989345,218.6333333,C26H45NO7S,[M+H]+
LIPMETLIN00311,RBM14C16,OC[C@H](NC(CCCCCCCCCCCCCCC)=O)[C@H](O)CCOC1=CC=C(C=CC(O2)=O)C2=C1,518.3475967,236.7666667,C30H47NO6,[M+H]+
LIPMETLIN00312,18:2 Lyso PC,CCCCCC=CCC=CCCCCCCCC(OCC(O)COP([O-])(OCC[N+](C)(C)C)=O)=O,520.339748,228.45,C26H50NO7P,[M+H]+
LIPMETLIN00313,18:1 Lyso PC,O=C(CCCCCCC/C=C\CCCCCCCC)OC[C@]([H])(COP(OCC[N+](C)(C)C)([O-])=O)O,522.3553972,234.35,C26H52NO7P,[M+H]+
LIPMETLIN00314,2-18:1 Lyso PC,OC[C@]([H])(COP(OCC[N+](C)(C)C)([O-])=O)OC(CCCCCCC/C=C\CCCCCCCC)=O,522.3553977,235.2666667,C26H52NO7P,[M+H]+
LIPMETLIN00315,N-C16-deoxysphingosine,C[C@@](NC(CCCCCCCCCCCCCCC)=O)([H])[C@]([H])(O)/C=C/CCCCCCCCCCCCC,522.5244287,253.9333333,C34H67NO2,[M+H]+
LIPMETLIN00316,18:1 Lyso PS,O=C(CCCCCCC/C=C\CCCCCCCC)OC[C@]([H])(COP(OC[C@](C(O)=O)([H])N)(O)=O)O,524.2982801,225.1333333,C24H46NO9P,[M+H]+
LIPMETLIN00317,10:0 PE,O=C(CCCCCCCCC)OC[C@]([H])(COP(OCCN)(O)=O)OC(CCCCCCCCC)=O,524.3346635,236.1,C25H50NO8P,[M+H]+
LIPMETLIN00318,2-18:0 Lyso PC,OC[C@]([H])(COP(OCC[N+](C)(C)C)([O-])=O)OC(CCCCCCCCCCCCCCCCC)=O,524.3710469,239.5666667,C26H54NO7P,[M+H]+
LIPMETLIN00319,18:0 Lyso PC,O[C@](COP([O-])(OCC[N+](C)(C)C)=O)([H])COC(CCCCCCCCCCCCCCCCC)=O,524.3710464,238.95,C26H54NO7P,[M+H]+
LIPMETLIN00320,2-18:0 Lyso PC,OC[C@]([H])(COP(OCC[N+](C)(C)C)([O-])=O)OC(CCCCCCCCCCCCCCCCC)=O,524.3710469,239.5666667,C26H54NO7P,[M+H]+
LIPMETLIN00321,C15 Ceramide (d18:1/15:0),[H][C@](NC(CCCCCCCCCCCCCCCC)=O)(CO)[C@@](O)([H])/C=C/CCCCCCCCCCC,524.5036945,253.6333333,C33H65NO3,[M+H]+
LIPMETLIN00322,N-C16-deoxysphinganine,C[C@@](NC(CCCCCCCCCCCCCCC)=O)([H])[C@]([H])(O)CCCCCCCCCCCCCCC,524.5400779,257.4,C34H69NO2,[M+H]+
LIPMETLIN00323,18:0 Lyso PS,[H][C@@](COP(O)(OC[C@](C([O-])=O)([H])[NH3+])=O)(O)COC(CCCCCCCCCCCCCCCCC)=O,526.3139293,230.4666667,C24H48NO9P,[M+H]+
LIPMETLIN00325,"C16:0 Ceramide (d18:2(4E,8Z)/16:0)",OC[C@@](NC(CCCCCCCCCCCCCCC)=O)([H])[C@]([H])(O)/C=C/CC/C=C\CCCCCCCCC,536.5036945,254.6666667,C34H65NO3,[M+H]+
LIPMETLIN00326,12:0 PA,[H][C@@](COP(O)(O)=O)(OC(CCCCCCCCCCC)=O)COC(CCCCCCCCCCC)=O,537.3550633,247,C27H53O8P,[M+H]+
LIPMETLIN00327,09:0 PC,O=C(CCCCCCCC)OC[C@]([H])(COP(OCC[N+](C)(C)C)([O-])=O)OC(CCCCCCCC)=O,538.3503127,240.3666667,C26H52NO8P,[M+H]+
LIPMETLIN00328,16:0-02:0 PC,O=C(CCCCCCCCCCCCCCC)OC[C@]([H])(COP(OCC[N+](C)(C)C)([O-])=O)OC(C)=O,538.3503127,249.2666667,C26H52NO8P,[M+H]+
LIPMETLIN00329,19:0 Lyso PC,O=C(CCCCCCCCCCCCCCCCCC)OC[C@]([H])(COP(OCC[N+](C)(C)C)([O-])=O)O,538.3866961,242.4,C27H56NO7P,[M+H]+
LIPMETLIN00330,C17-02:0 PC,[H][C@](OC(C)=O)(COP(OCC[N+](C)(C)C)([O-])=O)COCCCCCCCCCCCCCCCCC,538.3866961,243.9666667,C27H56NO7P,[M+H]+
LIPMETLIN00331,C16 Ceramide (d18:1/16:0),[H][C@](NC(CCCCCCCCCCCCCCCCC)=O)(CO)[C@@](O)([H])/C=C/CCCCCCCCCCC,538.5193437,257.4,C34H67NO3,[M+H]+
LIPMETLIN00332,"12:0 N-Biotinyl fatty acid, NHS",[H][C@@]1(CCCCC(NCCCCCCCCCCCC(ON2C(CCC2=O)=O)=O)=O)SC[C@@]3([H])[C@]1([H])NC(N3)=O,539.2897677,225,C26H42N4O6S,[M+H]+
LIPMETLIN00333,12-PAHSA,OC(CCCCCCCCCCC(OC(CCCCCCCCCCCCCCC)=O)CCCCCC)=O,539.5033601,254,C34H66O4,[M+H]+
LIPMETLIN00336,9-PAHSA,OC(CCCCCCCC(CCCCCCCCC)OC(CCCCCCCCCCCCCCC)=O)=O,539.5033601,255.0333333,C34H66O4,[M+H]+
LIPMETLIN00337,C16 Dihydroceramide (d18:0/16:0),OC[C@]([H])(NC(CCCCC)=O)[C@]([H])(O)CCCCCCCCCCCCCCC,540.5349929,258.8333333,C34H69NO3,[M+H]+
LIPMETLIN00338,Sphingosyl PI (d18:1),C([C@@H]([C@@H](/C=C/CCCCCCCCCCCCC)O)[NH3+])OP(=O)([O-])O[C@H]1C(C(C([C@H](C1O)O)O)O)O,542.3088443,232.1666667,C24H48NO10P,[M+H]+
LIPMETLIN00339,20:4 Lyso PC,O=P(OC[C@H](O)COC(CCC/C=C\C/C=C\C/C=C\C/C=C\CCCCC)=O)([O-])OCC[N+](C)(C)C,544.339748,231.15,C28H50NO7P,[M+H]+
LIPMETLIN00341,C16 Ceramide-d7 (d18:1-d7/16:0),OC[C@]([H])(NC(CCCCCCCCCCCCCCC)=O)[C@@](O)([H])/C=C/CCCCCCCCCCC(C(C([2H])([2H])[2H])([2H])[2H])([2H])[2H],545.562571,257.525,C34H60D7NO3,[M+H]+
LIPMETLIN00343,Galactosyl Cholesterol,C[C@H](CCCC(C)C)[C@H]1CCC2C3CC=C4C[C@@H](O[C@@H]5O[C@H](CO)[C@H](O)[C@H](O)[C@H]5O)CC[C@]4(C)C3CC[C@]12C,549.4149441,265.9666667,C33H56O6,[M+H]+
LIPMETLIN00344,C18:1 Ceramide (d17:1/18:1(9Z)),"CCCCCCCC/C=CCCCCCCCC(=O)N[C@@H](CO)[C@H](O)/C=C/CCCCCCCCCCCC	[H][C@@](O)(C=CCCCCCCCCCCCC)[C@]([H])(CO)NC(=O)CCCCCCCC=CCCCCCCCC",550.5193437,256.4666667,C35H67NO3,[M+H]+
LIPMETLIN00345,20:0 Lyso PC,O[C@](COP([O-])(OCC[N+](C)(C)C)=O)([H])COC(CCCCCCCCCCCCCCCCCCC)=O,552.4023453,246.1666667,C28H58NO7P,[M+H]+
LIPMETLIN00348,CholPC,CC(CCC[C@@H](C)[C@@](CC[C@]1([C@](CC=C2C[C@](CC[C@]32C)(OP([O-])(OCC[N+](C)(C)C)=O)[H])4[H])[H])([C@]1(CC[C@@]43[H])C)[H])C,552.4176003,263.0666667,C32H58NO4P,[M+H]+
LIPMETLIN00349,C17 Ceramide (d18:1/17:0),OC[C@]([H])(NC(CCCCCCCCCCCCCCCC)=O)[C@]([H])(O)/C=C/CCCCCCCCCCCCC,552.5349929,260.7,C35H69NO3,[M+H]+
LIPMETLIN00350,C18 Ceramide (d17:1/18:0),OC[C@]([H])(NC(CCCCCCCCCCCCCCCCC)=O)[C@]([H])(O)/C=C/CCCCCCCCCCCC,552.5349929,259.9666667,C35H69NO3,[M+H]+
LIPMETLIN00351,16:0(2R-OH) Ceramide,CCCCCCCCCCCCC/C=C/[C@@H](O)[C@@H](NC([C@H](O)CCCCCCCCCCCCCC)=O)CO,554.5142587,260,C34H67NO4,[M+H]+
LIPMETLIN00352,16:0(2S-OH) Ceramide,CCCCCCCCCCCCC/C=C/[C@H]([C@H](CO)NC(=O)[C@H](CCCCCCCCCCCCCC)O)O,554.5142587,259.1,C34H67NO4,[M+H]+
LIPMETLIN00353,10:0 PG,[H][C@@](COP(O)(OCC(O)CO)=O)(OC(CCCCCCCCC)=O)COC(CCCCCCCCC)=O,555.3292441,249.1333333,C26H51O10P,[M+H]+
LIPMETLIN00354,12-PAHSA (C13 labeled),OC(=O)CCCCCCCCCCC(CCCCCC)O[13C](=O)[13CH2][13CH2][13CH2][13CH2][13CH2][13CH2][13CH2][13CH2][13CH2][13CH2][13CH2][13CH2][13CH2][13CH2][13CH3],555.5572765,254.33,C1813C16H66O4,[M+H]+
LIPMETLIN00355,N-16:0 Phytosphingosine,OC[C@@](NC(CCCCCCCCCCCCCCC)=O)([H])[C@@](O)([H])[C@H](O)CCCCCCCCCCCCCC,556.5299079,260.2,C34H69NO4,[M+H]+
LIPMETLIN00356,C12 Ceramide-1-Phosphate (d18:1/12:0),[H][C@](/C=C/CCCCCCCCCCCCC)(O)[C@@]([H])(NC(CCCCCCCCCCC)=O)COP(O)(O)=O,562.4230795,250.9666667,C30H60NO6P,[M+H]+
LIPMETLIN00357,06:0 SM (d18:1/6:0),[H][C@](/C=C/CCCCCCCCCCCCC)(O)[C@@]([H])(NC(CCCCC)=O)COP([O-])(OCC[N+](C)(C)C)=O,563.4183289,253.8666667,C29H59N2O6P,[M+H]+
LIPMETLIN00358,C18:1 Ceramide (d18:1/18:1(9Z)),CCCCCCCC/C=C\CCCCCCCC(N[C@H]([C@@H](/C=C/CCCCCCCCCCCCC)O)CO)=O,564.5349924,259.85,C36H69NO3,[M+H]+
LIPMETLIN00360,C18 Ceramide (d18:1/18:0),CCCCCCCCCCCCC/C=C/[C@H]([C@@H](NC(CCCCCCCCCCCCCCCCC)=O)CO)O,566.5506421,263.4,C36H71NO3,[M+H]+
LIPMETLIN00361,C18:1 Dihydroceramide (d18:0/18:1(9Z)),OC[C@]([H])(NC(CCCCCCC/C=C\CCCCCCCC)=O)[C@]([H])(O)CCCCCCCCCCCCCCC,566.5506421,262.1666667,C36H71NO3,[M+H]+
LIPMETLIN00362,C22 Ceramide (d14:1/22:0),[H][C@](NC(CCCCCCCCCCCCCCCCCCCCC)=O)(CO)[C@@](O)([H])/C=C/CCCCCCCCC,566.5506421,261.1666667,C36H71NO3,[M+H]+
LIPMETLIN00363,C16-Urea-Ceramide,OC[C@]([H])(NC(NCCCCCCCCCCCCCCCC)=O)[C@]([H])(O)/C=C/CCCCCCCCCCCCC,567.5458915,263.9666667,C35H70N2O3,[M+H]+
LIPMETLIN00364,10:0 PS,C(=O)([C@H](COP(=O)(OC[C@@H](COC(=O)CCCCCCCCC)OC(=O)CCCCCCCCC)O)N)O,568.3244935,241.43,C26H50NO10P,[M+H]+
LIPMETLIN00365,22:6 Lyso PC,CCC=CCC=CCC=CCC=CCC=CCC=CCCC(OCC(O)COP([O-])(OCC[N+](C)(C)C)=O)=O,568.339748,233.7,C30H50NO7P,[M+H]+
LIPMETLIN00366,17:0(2R-OH) Ceramide,CCCCCCCCCCCCC/C=C/[C@H]([C@H](CO)NC(=O)[C@@H](CCCCCCCCCCCCCCC)O)O,568.5299079,263.597,C35H69NO4,[M+H]+
LIPMETLIN00367,17:0(2S-OH) Ceramide,CCCCCCCCCCCCC/C=C/[C@@H](O)[C@@H](NC([C@@H](O)CCCCCCCCCCCCCCC)=O)CO,568.5299079,263.2333333,C35H69NO4,[M+H]+
LIPMETLIN00368,C18 Dihydroceramide (d18:0/18:0),OC[C@]([H])(NC(CCCCCCCCCCCCCCCCC)=O)[C@]([H])(O)CCCCCCCCCCCCCCC,568.5662913,265.6666667,C36H73NO3,[M+H]+
LIPMETLIN00369,16:0 Lyso PI,C([C@H](COP(=O)(O)O[C@H]1C(C(C([C@H](C1O)O)O)O)O)O)OC(=O)CCCCCCCCCCCCCCC,573.3034249,239.8,C25H49O12P,[M+H]+
LIPMETLIN00370,C18 Ceramide-d7 (d18:1-d7/18:0),OC[C@]([H])(NC(CCCCCCCCCCCCCCCCC)=O)[C@@](O)([H])/C=C/CCCCCCCCCCC(C(C([2H])([2H])[2H])([2H])[2H])([2H])[2H],573.5938694,264.125,C36H64D7NO3,[M+H]+
LIPMETLIN00372,Glucosyl sitosterol,C[C@]12CC[C@H](O[C@@H]3O[C@H](CO)[C@@H](O)C(O)[C@H]3O)CC1=CC[C@]4([H])[C@]2([H])CC[C@@]5(C)[C@@]4([H])CC[C@@H]5[C@@H](CC[C@@H](CC)C(C)C)C,577.4462425,280.4,C35H60O6,[M+H]+
LIPMETLIN00373,12:0 PE,O=C(CCCCCCCCCCC)OC[C@]([H])(COP(OCCN)(O)=O)OC(CCCCCCCCCCC)=O,580.3972603,250.2,C29H58NO8P,[M+H]+
LIPMETLIN00374,22:0 Lyso PC,C([C@H](COP(=O)([O-])OCC[N+](C)(C)C)O)OC(=O)CCCCCCCCCCCCCCCCCCCCC,580.4336437,252.6333333,C30H62NO7P,[M+H]+
LIPMETLIN00375,C18-04:0 PC,[H][C@](OC(CCC)=O)(COP(OCC[N+](C)(C)C)([O-])=O)COCCCCCCCCCCCCCCCCCC,580.4336437,255.9,C30H62NO7P,[M+H]+
LIPMETLIN00376,18:1(2R-OH) Ceramide,CCCCCCCCCCCCC/C=C/[C@@H](O)[C@@H](NC([C@H](O)CCCCCC/C=C\CCCCCCCC)=O)CO,580.5299079,262.3666667,C36H69NO4,[M+H]+
LIPMETLIN00377,18:1(2S-OH) Ceramide,CCCCCCCCCCCCC/C=C/[C@@H](O)[C@@H](NC([C@@H](O)CCCCCC/C=C\CCCCCCCC)=O)CO,580.5299079,262.7666667,C36H69NO4,[M+H]+
LIPMETLIN00378,C20 Ceramide (d17:1/20:0),OC[C@]([H])(NC(CCCCCCCCCCCCCCCCCCC)=O)[C@]([H])(O)/C=C/CCCCCCCCCCCC,580.5662913,266.2666667,C37H73NO3,[M+H]+
LIPMETLIN00379,15:0-18:1 DG,OC[C@H](OC(CCCCCCC/C=C\CCCCCCCC)=O)COC(CCCCCCCCCCCCCC)=O,581.5139243,260.8666667,C36H68O5,[M+H]+
LIPMETLIN00380,18:0(2S-OH) Ceramide,CCCCCCCCCCCCC/C=C/[C@H]([C@H](CO)NC(=O)[C@H](CCCCCCCCCCCCCCCC)O)O,582.5455571,264.8666667,C36H71NO4,[M+H]+
LIPMETLIN00381,N-18:0 Phytosphingosine,O[C@@H]([C@H]([C@H](CO)NC(=O)CCCCCCCCCCCCCCCCC)O)CCCCCCCCCCCCCC,584.5612063,265.4333333,C36H73NO4,[M+H]+
LIPMETLIN00382,17:1 Lyso PI,O=C(CCCCCCCC/C=C\CCCCCC)OC[C@@]([H])(O)COP(O[C@H]1[C@H](O)[C@@H](O)[C@H](O)[C@@H](O)[C@H]1O)(O)=O,585.3034249,238.8333333,C26H49O12P,[M+H]+
LIPMETLIN00384,C8 Galactosyl(a) Ceramide (d18:1/8:0),[H][C@]([C@@]([H])(/C=C/CCCCCCCCCCCCC)O)(NC(CCCCCCC)=O)CO[C@@H](O1)[C@H](O)[C@@H](O)[C@H]([C@H]1CO)O,588.4469711,253.7666667,C32H61NO8,[M+H]+
LIPMETLIN00385,C8 Galactosyl(b) Ceramide (d18:1/8:0),[H][C@](/C=C/CCCCCCCCCCCCC)(O)[C@@]([H])(NC(CCCCCCC)=O)CO[C@H](O1)[C@H](O)[C@@H](O)[C@H]([C@H]1CO)O,588.4469711,252.6666667,C32H61NO8,[M+H]+
LIPMETLIN00386,C8 Glucosyl(b) Ceramide (d18:1/8:0),[H][C@](/C=C/CCCCCCCCCCCCC)(O)[C@@]([H])(NC(CCCCCCC)=O)CO[C@H](O1)[C@H](O)[C@@H](O)[C@@H]([C@H]1CO)O,588.4469711,253.2333333,C32H61NO8,[M+H]+
LIPMETLIN00387,CoQ6,C1(=C(C(=O)C(=C(C1=O)C)C/C=C(/CC/C=C(/CC/C=C(/CC/C=C(/CC/C=C(/CCC=C(C)C)\C)\C)\C)\C)\C)OC)OC,591.4407633,247.3666667,C39H58O4,[M+H]+
LIPMETLIN00388,C12 Sphingosyl PE (d17:1/12:0),C([C@@H]([C@@H](/C=C/CCCCCCCCCCCC)O)NC(=O)CCCCCCCCCCC)OP(=O)([O-])OCC[NH3+],591.4496273,259.3,C31H63N2O6P,[M+H]+
LIPMETLIN00390,14:0 PA,O=C(CCCCCCCCCCCCC)OC[C@]([H])(COP(O)(O)=O)OC(CCCCCCCCCCCCC)=O,593.4176601,260.4666667,C31H61O8P,[M+H]+
LIPMETLIN00391,POVPC,[C@H](COC(=O)CCCCCCCCCCCCCCC)(OC(=O)CCCC=O)COP(=O)(OCC[N+](C)(C)C)[O-],594.3765261,246.406,C29H56NO9P,[M+H]+
LIPMETLIN00392,11:0 PC,P(=O)([O-])(OCC[N+](C)(C)C)OC[C@@H](COC(=O)CCCCCCCCCC)OC(=O)CCCCCCCCCC,594.4129095,255.1333333,C30H60NO8P,[M+H]+
LIPMETLIN00393,12:0 Diether PC,[C@H](COCCCCCCCCCCCC)(OCCCCCCCCCCCC)COP(=O)(OCC[N+](C)(C)C)[O-],594.4856763,261.6,C32H68NO6P,[M+H]+
LIPMETLIN00395,16:0-18:1 DG,OC[C@]([H])(OC(CCCCCCC/C=C\CCCCCCCC)=O)COC(CCCCCCCCCCCCCCC)=O,595.5295735,264.6,C37H70O5,[M+H]+
LIPMETLIN00396,16:0-succinoyl PC,P(=O)([O-])(OCC[N+](C)(C)C)OC[C@@H](COC(=O)CCCCCCCCCCCCCCC)OC(=O)CCC(=O)O,596.3557919,245.5333333,C28H54NO10P,[M+H]+
LIPMETLIN00397,18:0-16:0 DG,OC[C@]([H])(OC(CCCCCCCCCCCCCCC)=O)COC(CCCCCCCCCCCCCCCCC)=O,597.5452227,265.4333333,C37H72O5,[M+H]+
LIPMETLIN00398,18:1 Lyso PI,O=C(CCCCCCC/C=C\CCCCCCCC)OC[C@@]([H])(O)COP(O[C@H]1[C@H](O)[C@@H](O)[C@H](O)[C@@H](O)[C@H]1O)(O)=O,599.3190741,242.6666667,C27H51O12P,[M+H]+
LIPMETLIN00400,18:0 Lyso PI,O=C(CCCCCCCCCCCCCCCCC)OC[C@@]([H])(O)COP(O[C@H]1[C@H](O)[C@@H](O)[C@H](O)[C@@H](O)[C@H]1O)(O)=O,601.3347233,247.2666667,C27H53O12P,[M+H]+
LIPMETLIN00401,C6(6-azido) GalCer,[H][C@](/C=C/CCCCCCCCCCCCC)(O)[C@@]([H])(NC(CCCCCN=[N+]=[N-])=O)CO[C@H](O1)[C@H](O)[C@@H](O)[C@H]([C@H]1CO)O,601.4170701,248.4666667,C30H56N4O8,[M+H]+
LIPMETLIN00402,C6(6-azido) GluCer,[H][C@](/C=C/CCCCCCCCCCCCC)(O)[C@@]([H])(NC(CCCCCN=[N+]=[N-])=O)CO[C@H](O1)[C@H](O)[C@@H](O)[C@H](O)[C@H]1CO,601.4170701,249.2333333,C30H56N4O8,[M+H]+
LIPMETLIN00403,16:0 3-deoxy-C1P,O=C(N[C@@H](COP(O)(O)=O)C/C=C/CCCCCCCCCCCCC)CCCCCCCCCCCCCCC,602.4907613,266.7666667,C34H68NO5P,[M+H]+
LIPMETLIN00404,ACe-1,OC[C@H](NC(CCCC1=CC=C(/N=N/C2=CC=C(CCCC)C=C2)C=C1)=O)[C@H](O)/C=C/CCCCCCCCCCCCC,606.4628949,260.8,C38H59N3O3,[M+H]+
LIPMETLIN00405,20:0(2R-OH) Ceramide,CCCCCCCCCCCCC/C=C/[C@@H](O)[C@@H](NC([C@H](O)CCCCCCCCCCCCCCCCCC)=O)CO,610.5768555,272.6666667,C38H75NO4,[M+H]+
LIPMETLIN00406,20:0(2S-OH) Ceramide,CCCCCCCCCCCCC/C=C/[C@H]([C@H](CO)NC(=O)[C@H](CCCCCCCCCCCCCCCCCC)O)O,610.5768555,270.8,C38H75NO4,[M+H]+
LIPMETLIN00407,12:0 PG,O=C(CCCCCCCCCCC)OC[C@@]([H])(OC(CCCCCCCCCCC)=O)COP(OC[C@](O)([H])CO)(O)=O,611.3918409,263.6,C30H59O10P,[M+H]+
LIPMETLIN00409,N-C24:1-desoxymethylsphingosine,[H][C@](/C=C/CCCCCCCCCCCCC)(O)CNC(CCCCCCCCCCCCC/C=C\CCCCCCCC)=O,618.6183239,273.9333333,C41H79NO2,[M+H]+
LIPMETLIN00411,N-C24:1-desoxymethylsphinganine,C([C@@H](CCCCCCCCCCCCCCC)O)NC(=O)CCCCCCCCCCCCC/C=C/CCCCCCCC,620.6339731,275.406,C41H81NO2,[M+H]+
LIPMETLIN00412,20:4 Lyso PI,[C@H](COC(=O)CCC/C=C\C/C=C\C/C=C\C/C=C\CCCCC)(O)COP(=O)(O[C@H]1C(C(C([C@H](C1O)O)O)O)O)O,621.3034249,247.591,C29H49O12P,[M+H]+
LIPMETLIN00414,12:0 PC (DLPC),O=C(CCCCCCCCCCC)OC[C@]([H])(COP(OCC[N+](C)(C)C)([O-])=O)OC(CCCCCCCCCCC)=O,622.4442079,262.1666667,C32H64NO8P,[M+H]+
LIPMETLIN00415,C22 Ceramide (d18:1/22:0),CCCCCCCCCCCCCCCCCCCCCC(=N[C@@H](CO)[C@@H](/C=C/CCCCCCCCCCCCC)O)O,622.6132384,275.475,C40H79NO3,[M+H]+
LIPMETLIN00416,12:0 PS,C([C@H](COP(=O)(O)OC[C@H]([NH3+])C(=O)[O-])OC(=O)CCCCCCCCCCC)OC(=O)CCCCCCCCCCC,624.3870903,256.1,C30H58NO10P,[M+H]+
LIPMETLIN00417,Lactosyl(beta) Sphingosine (d18:1),C([C@@H]([C@@H](/C=C/CCCCCCCCCCCCC)O)N)O[C@@H]1O[C@@H]([C@H](C(C1O)O)O[C@@H]1O[C@@H]([C@@H](C(C1O)O)O)CO)CO,624.3953327,249.298,C30H57NO12,[M+H]+
LIPMETLIN00418,Lyso GA2,O[C@H]1[C@@H](CO)O[C@@](O[C@H]2[C@@H](CO)O[C@](OC[C@H](N)[C@H](O)/C=C/CCCCCCCCCCCCC)([H])[C@H](O)[C@H]2O)([H])[C@H](O)[C@H]1O,624.3953327,247.9666667,C30H57NO12,[M+H]+
LIPMETLIN00419,18:0 DG,CCCCCCCCCCCCCCCCCC(OCC(OC(CCCCCCCCCCCCCCCCC)=O)CO)=O,625.5765211,275.9666667,C39H76O5,[M+H]+
LIPMETLIN00420,N-C24:1-deoxysphingosine,C[C@@](NC(CCCCCCCCCCCCC/C=C\CCCCCCCC)=O)([H])[C@]([H])(O)/C=C/CCCCCCCCCCCCC,632.6339731,276.9333333,C42H81NO2,[M+H]+
LIPMETLIN00421,C24:1 Ceramide (d17:1/24:1(15Z)),OC[C@]([H])(NC(CCCCCCCCCCCCC/C=C\CCCCCCCC)=O)[C@]([H])(O)/C=C/CCCCCCCCCCCC,634.6132389,275.6666667,C41H79NO3,[M+H]+
LIPMETLIN00422,N-C24:1-deoxysphinganine,C[C@]([H])(NC(CCCCCCCCCCCCC/C=C\CCCCCCCC)=O)[C@]([H])(O)CCCCCCCCCCCCCCC,634.6496223,279.6666667,C42H83NO2,[M+H]+
LIPMETLIN00423,14:0 PE,[C@H](COC(=O)CCCCCCCCCCCCC)(OC(=O)CCCCCCCCCCCCC)COP(=O)(OCCN)O,636.4598571,262.2,C33H66NO8P,[M+H]+
LIPMETLIN00424,26:0 Lyso PC,C[N+](C)(CCOP([O-])(OC[C@@](O)([H])COC(CCCCCCCCCCCCCCCCCCCCCCCCC)=O)=O)C,636.4962405,266.9666667,C34H70NO7P,[M+H]+
LIPMETLIN00425,C24 Ceramide (d17:1/24:0),OC[C@]([H])(NC(CCCCCCCCCCCCCCCCCCCCCCC)=O)[C@]([H])(O)/C=C/CCCCCCCCCCCC,636.6288881,278.7333333,C41H81NO3,[M+H]+
LIPMETLIN00426,Adamantanyl Galactosyl(Beta) Ceramide,[H][C@](/C=C/CCCCCCCCCCCCC)(O)[C@](NC(CC12C[C@H]3C[C@@H](C2)C[C@@H](C1)C3)=O)([H])CO[C@H](O4)[C@H](O)[C@@H](O)[C@@H](O)[C@H]4CO,638.4626203,259.2333333,C36H63NO8,[M+H]+
LIPMETLIN00427,Adamantanyl GlcCer,C([C@@H]([C@@H](/C=C/CCCCCCCCCCCCC)O)NC(=O)CC12CC3CC(CC(C3)C2)C1)O[C@@H]1O[C@@H]([C@H](C(C1O)O)O)CO,638.4626203,259.924,C36H63NO8,[M+H]+
LIPMETLIN00428,22:0(2R-OH) Ceramide,CCCCCCCCCCCCC/C=C/[C@H]([C@H](CO)NC(=O)[C@@H](CCCCCCCCCCCCCCCCCCCC)O)O,638.6081539,278.7666667,C40H79NO4,[M+H]+
LIPMETLIN00429,22:0(2S-OH) Ceramide,CCCCCCCCCCCCC/C=C/[C@H]([C@H](CO)NC(=O)[C@H](CCCCCCCCCCCCCCCCCCCC)O)O,638.6081539,278.2,C40H79NO4,[M+H]+
LIPMETLIN00430,14:0 Diether PG,[H][C@@](COP(O)(OCC(O)CO)=O)(OCCCCCCCCCCCCCC)COCCCCCCCCCCCCCC,639.4959061,271.9,C34H71O8P,[M+H]+
LIPMETLIN00432,C18:1 Ceramide-1-Phosphate (d18:1/18:1(9Z)),[H][C@](/C=C/CCCCCCCCCCCCC)(O)[C@@]([H])(NC(CCCCCCC/C=C\CCCCCCCC)=O)COP(O)(O)=O,644.5013255,267.9666667,C36H70NO6P,[M+H]+
LIPMETLIN00433,C12 Galactosyl(b) Ceramide (d18:1/12:0),[H][C@](/C=C/CCCCCCCCCCCCC)(O)[C@@]([H])(NC(CCCCCCCCCCC)=O)CO[C@H](O1)[C@H](O)[C@@H](O)[C@H]([C@H]1CO)O,644.5095679,268.9,C36H69NO8,[M+H]+
LIPMETLIN00434,C12 Glucosyl(b) Ceramide (d18:1/12:0),[H][C@](/C=C/CCCCCCCCCCCCC)(O)[C@@]([H])(NC(CCCCCCCCCCC)=O)CO[C@H](O1)[C@H](O)[C@@H](O)[C@@H]([C@H]1CO)O,644.5095679,268.8,C36H69NO8,[M+H]+
LIPMETLIN00435,18:0-20:4 DG,CCCCC/C=CC/C=CC/C=CC/C=CCCCC(=O)O[C@@H](CO)COC(=O)CCCCCCCCCCCCCCCCC,645.5452227,271.9333333,C41H72O5,[M+H]+
LIPMETLIN00436,"C24:1 Ceramide (d18:2(4E,8Z)/24:1(15Z))",OC[C@@](NC(CCCCCCCCCCCCC/C=C\CCCCCCCC)=O)([H])[C@]([H])(O)/C=C/CC/C=C\CCCCCCCCC,646.6132389,275.8666667,C42H79NO3,[M+H]+
LIPMETLIN00437,12:0 SM (d18:1/12:0),[H][C@](/C=C/CCCCCCCCCCCCC)(O)[C@@]([H])(NC(CCCCCCCCCCC)=O)COP([O-])(OCC[N+](C)(C)C)=O,647.5122241,274.5,C35H71N2O6P,[M+H]+
LIPMETLIN00438,"C24:0 Ceramide (d18:2(4E,8Z)/24:0)",OC[C@@](NC(CCCCCCCCCCCCCCCCCCCCCCC)=O)([H])[C@]([H])(O)/C=C/CC/C=C\CCCCCCCCC,648.6288881,279.3,C42H81NO3,[M+H]+
LIPMETLIN00439,C24:1 Ceramide (d18:1/24:1(15Z)),OC[C@@H]([C@@H](/C=C/CCCCCCCCCCCCC)O)NC(CCCCCCCCCCCCC/C=C\CCCCCCCC)=O,648.6288876,278.975,C42H81NO3,[M+H]+
LIPMETLIN00441,12:0 Dihydro SM (d18:0/12:0),C([C@@H]([C@@H](CCCCCCCCCCCCCCC)O)NC(=O)CCCCCCCCCCC)OP(=O)([O-])OCC[N+](C)(C)C,649.5278733,277.4,C35H73N2O6P,[M+H]+
LIPMETLIN00442,16:0-09:0 (ALDO) PC,O=C(CCCCCCCCCCCCCCC)OC[C@]([H])(COP(OCC[N+](C)(C)C)([O-])=O)OC(CCCCCCCC([H])=O)=O,650.4391229,258.6,C33H64NO9P,[M+H]+
LIPMETLIN00443,12:0 EPC,O=P(OCC[N+](C)(C)C)(OC[C@]([H])(OC(CCCCCCCCCCC)=O)COC(CCCCCCCCCCC)=O)OCC,650.4755063,268.0333333,C34H68NO8P,[M+H]+
LIPMETLIN00444,13:0 PC,[C@H](COC(=O)CCCCCCCCCCCC)(OC(=O)CCCCCCCCCCCC)COP(=O)(OCC[N+](C)(C)C)[O-],650.4755063,268.2666667,C34H68NO8P,[M+H]+
LIPMETLIN00445,14:0 Diether PC,[C@H](COCCCCCCCCCCCCCC)(OCCCCCCCCCCCCCC)COP(=O)(OCC[N+](C)(C)C)[O-],650.5482731,273.4,C36H76NO6P,[M+H]+
LIPMETLIN00446,C24 Ceramide (d18:1/24:0),OC[C@@H]([C@@H](/C=C/CCCCCCCCCCCCC)O)NC(CCCCCCCCCCCCCCCCCCCCCCC)=O,650.6445373,282.3,C42H83NO3,[M+H]+
LIPMETLIN00447,C24:1 Dihydroceramide (d18:0/24:1(15Z)),OC[C@]([H])(NC(CCCCCCCCCCCCC/C=C\CCCCCCCC)=O)[C@]([H])(O)CCCCCCCCCCCCCCC,650.6445373,281.4,C42H83NO3,[M+H]+
LIPMETLIN00449,C24 Dihydroceramide (d18:0/24:0),"C([C@H]([C@@H](NC(=O)CCCCCCCCCCCCCCCCCCCCCCC)CO)(O))CCCCCCCCCCCCCC	LMSP02020012",652.6601865,284.1,C42H85NO3,[M+H]+
LIPMETLIN00450,4ME 16:0 Diether DG,C([C@H](CO)OCCC(CCCC(CCCC(CCCC(C)C)C)C)C)OCCC(CCCC(CCCC(CCCC(C)C)C)C)C,653.6805863,278.5,C43H88O3,[M+H]+
LIPMETLIN00451,C24:1 Ceramide-d7 (d18:1-d7/24:1(15Z)),OC[C@]([H])(NC(CCCCCCCCCCCCC/C=C\CCCCCCCC)=O)[C@@](O)([H])/C=C/CCCCCCCCCCC(C(C([2H])([2H])[2H])([2H])[2H])([2H])[2H],655.6721154,279.5,C42H74D7NO3,[M+H]+
LIPMETLIN00452,C24 Ceramide-d7 (d18:1-d7/24:0),OC[C@]([H])(NC(CCCCCCCCCCCCCCCCCCCCCCC)=O)[C@@](O)([H])/C=C/CCCCCCCCCCC(C(C([2H])([2H])[2H])([2H])[2H])([2H])[2H],657.6877646,282.625,C42H76D7NO3,[M+H]+
LIPMETLIN00453,15:0-18:1 PA,OP(O)(OC[C@]([H])(OC(CCCCCCC/C=C\CCCCCCCC)=O)COC(CCCCCCCCCCCCCC)=O)=O,661.4802569,268.8,C36H69O8P,[M+H]+
LIPMETLIN00454,16:0 Phosphatidylmethanol,[H][C@@](COP(O)(OC)=O)(OC(CCCCCCCCCCCCCCC)=O)COC(CCCCCCCCCCCCCCC)=O,663.4959061,276.1666667,C36H71O8P,[M+H]+
LIPMETLIN00455,15:0 PE,O=C(CCCCCCCCCCCCCC)OC[C@]([H])(COP(OCCN)(O)=O)OC(CCCCCCCCCCCCCC)=O,664.4911555,269.1333333,C35H70NO8P,[M+H]+
LIPMETLIN00456,24:1(2R-OH) Ceramide,CCCCCCCCCCCCC/C=C/[C@@H](O)[C@@H](NC([C@H](O)CCCCCCCCCCCC/C=C\CCCCCCCC)=O)CO,664.6238031,281,C42H81NO4,[M+H]+
LIPMETLIN00457,24:1(2S-OH) Ceramide,CCCCCCCCCCCCC/C=C/[C@@H](O)[C@@H](NC([C@@H](O)CCCCCCCCCCCC/C=C\CCCCCCCC)=O)CO,664.6238031,280.8666667,C42H81NO4,[M+H]+
LIPMETLIN00458,18:0-PhoDAG,OC[C@]([H])(OC(CCCC1=CC=C(/N=N/C2=CC=C(CCCC)C=C2)C=C1)=O)COC(CCCCCCCCCCCCCCCCC)=O,665.4887739,270.9666667,C41H64N2O5,[M+H]+
LIPMETLIN00459,24:0(2R-OH) Ceramide,CCCCCCCCCCCCC/C=C/[C@@H](O)[C@@H](NC([C@H](O)CCCCCCCCCCCCCCCCCCCCCC)=O)CO,666.6394523,284.9,C42H83NO4,[M+H]+
LIPMETLIN00460,24:0(2S-OH) Ceramide,CCCCCCCCCCCCC/C=C/[C@@H](O)[C@@H](NC([C@@H](O)CCCCCCCCCCCCCCCCCCCCCC)=O)CO,666.6394523,284.2,C42H83NO4,[M+H]+
LIPMETLIN00461,"14:0 BMP (S,R)",C([C@H](COP(=O)(OC[C@H](COC(=O)CCCCCCCCCCCCC)O)O)O)OC(=O)CCCCCCCCCCCCC,667.4544377,273.23,C34H67O10P,[M+H]+
LIPMETLIN00462,14:0 PG,[H][C@@](COP(O)(OCC(O)CO)=O)(OC(CCCCCCCCCCCCC)=O)COC(CCCCCCCCCCCCC)=O,667.4544377,276.6666667,C34H67O10P,[M+H]+
LIPMETLIN00463,N-24:0 Phytosphingosine,O[C@]([H])(CCCCCCCCCCCCCC)[C@](O)([H])[C@@]([H])(NC(CCCCCCCCCCCCCCCCCCCCCCC)=O)CO,668.6551015,285.5666667,C42H85NO4,[M+H]+
LIPMETLIN00466,16:0-18:2 PA,O=C(CCCCCCCCCCCCCCC)OC[C@]([H])(COP(O)(O)=O)OC(CCCCCCC/C=C\C/C=C\CCCCC)=O,673.4802564,270.1,C37H69O8P,[M+H]+
LIPMETLIN00467,14:1 (delta9-Trans) PC,O=C(CCCCCCC/C=C/CCCC)OC[C@]([H])(COP(OCC[N+](C)(C)C)([O-])=O)OC(CCCCCCC/C=C/CCCC)=O,674.4755063,267.9333333,C36H68NO8P,[M+H]+
LIPMETLIN00468,PC(14:1(9Z)/14:1(9Z)),[O-]P(OCC[N+](C)(C)C)(OC[C@]([H])(OC(CCCCCCC/C=C\CCCC)=O)COC(CCCCCCC/C=C\CCCC)=O)=O,674.4755063,266.8666667,C36H68NO8P,[M+H]+
LIPMETLIN00470,14:0 SM (d18:1/14:0),[C@H]([C@@H](/C=C/CCCCCCCCCCCCC)O)(NC(=O)CCCCCCCCCCCCC)COP(=O)(OCC[N+](C)(C)C)[O-],675.5435225,279.8666667,C37H75N2O6P,[M+H]+
LIPMETLIN00471,16:0 Phosphatidylethanol,[H][C@@](COP(O)(OCC)=O)(OC(CCCCCCCCCCCCCCC)=O)COC(CCCCCCCCCCCCCCC)=O,677.5115553,280.1,C37H73O8P,[M+H]+
LIPMETLIN00472,14:0 PC (DMPC),P(=O)([O-])(OCC[N+](C)(C)C)OC[C@@H](COC(=O)CCCCCCCCCCCCC)OC(=O)CCCCCCCCCCCCC,678.5068047,273.9666667,C36H72NO8P,[M+H]+
LIPMETLIN00473,14:0 PS,O=C(CCCCCCCCCCCCC)OC[C@]([H])(COP(OC[C@](C(O)=O)([H])N)(O)=O)OC(CCCCCCCCCCCCC)=O,680.4496871,270.3666667,C34H66NO10P,[M+H]+
LIPMETLIN00474,N-24:0 (2S-OH) Phytosphingosine,O[C@@H]([C@H]([C@H](CO)NC(=O)[C@H](CCCCCCCCCCCCCCCCCCCCCC)O)O)CCCCCCCCCCCCCC,684.6500165,287.43,C42H85NO5,[M+H]+
LIPMETLIN00475,N-24:0(2R-OH) Phytosphingosine,O[C@]([H])(CCCCCCCCCCCCCC)[C@](O)([H])[C@@]([H])(NC([C@H](O)CCCCCCCCCCCCCCCCCCCCCC)=O)CO,684.6500165,287.8666667,C42H85NO5,[M+H]+
LIPMETLIN00477,16:0-18:1 Diether PE,[O-]P(OCC[NH3+])(OC[C@]([H])(OCCCCCCCC/C=C\CCCCCCCC)COCCCCCCCCCCCCCCCC)=O,690.5795715,276.6,C39H80NO6P,[M+H]+
LIPMETLIN00478,16:0 Phosphatidylpropanol,[H][C@@](COP(O)(OCCC)=O)(OC(CCCCCCCCCCCCCCC)=O)COC(CCCCCCCCCCCCCCC)=O,691.5272045,283.93,C38H75O8P,[M+H]+
LIPMETLIN00479,14:0-18:0 PE,O=P(O)(OCCN)OC[C@](COC(CCCCCCCCCCCCC)=O)([H])OC(CCCCCCCCCCCCCCCCC)=O,692.5224534,274.425,C37H74NO8P,[M+H]+
LIPMETLIN00480,16:0 PE,[H][C@@](COP([O-])(OCC[NH3+])=O)(OC(CCCCCCCCCCCCCCC)=O)COC(CCCCCCCCCCCCCCC)=O,692.5224539,275,C37H74NO8P,[M+H]+
LIPMETLIN00481,16:0 Ptd Ethylene Glycol,[H][C@@](COP(O)(OCCO)=O)(OC(CCCCCCCCCCCCCCC)=O)COC(CCCCCCCCCCCCCCC)=O,693.5064703,283.6333333,C37H73O9P,[M+H]+
LIPMETLIN00482,15:0 PG,[H][C@@](COP(O)(OCC(O)CO)=O)(OC(CCCCCCCCCCCCCC)=O)COC(CCCCCCCCCCCCCC)=O,695.4857361,281.2,C36H71O10P,[M+H]+
LIPMETLIN00483,16:0-20:4 PA,O=C(CCCCCCCCCCCCCCC)OC[C@]([H])(COP(O)(O)=O)OC(CCC/C=C\C/C=C\C/C=C\C/C=C\CCCCC)=O,697.4802569,274.5666667,C39H69O8P,[M+H]+
LIPMETLIN00484,18:2 PA,O=C(CCCCCCC/C=C\C/C=C\CCCCC)OC[C@]([H])(COP(O)(O)=O)OC(CCCCCCC/C=C\C/C=C\CCCCC)=O,697.4802569,269.0333333,C39H69O8P,[M+H]+
LIPMETLIN00485,C16 Galactosyl(?) Ceramide (d18:1/16:0),[H][C@]([C@@]([H])(/C=C/CCCCCCCCCCCCC)O)(NC(CCCCCCCCCCCCCCC)=O)CO[C@@H](O1)[C@H](O)[C@@H](O)[C@H]([C@H]1CO)O,700.5721647,282.4666667,C40H77NO8,[M+H]+
LIPMETLIN00486,18:0-18:2 PA,O=C(CCCCCCCCCCCCCCCCC)OC[C@]([H])(COP(O)(O)=O)OC(CCCCCCC/C=C\C/C=C\CCCCC)=O,701.5115553,276.7333333,C39H73O8P,[M+H]+
LIPMETLIN00487,16:1 SM (d18:1/16:1(9Z)),[H][C@](NC(CCCCCCC/C=C\CCCCCC)=O)(COP(OCC[N+](C)(C)C)([O-])=O)[C@@](O)([H])/C=C/CCCCCCCCCCCCC,701.5591717,282.6666667,C39H77N2O6P,[M+H]+
LIPMETLIN00488,14:1 EPC (Tf Salt),O=P(OCC[N+](C)(C)C)(OC[C@]([H])(OC(CCCCCCC/C=C\CCCC)=O)COC(CCCCCCC/C=C\CCCC)=O)OCC,702.5068047,273.7333333,C38H72NO8P,[M+H]+
LIPMETLIN00489,C16 Galactosyl (a) Dihydroceramide (d18:0/16:0),[H][C@]([C@@]([H])(CCCCCCCCCCCCCCC)O)(NC(CCCCCCCCCCCCCCC)=O)CO[C@@H](O1)[C@H](O)[C@@H](O)[C@H]([C@H]1CO)O,702.5878139,284.4333333,C40H79NO8,[M+H]+
LIPMETLIN00490,C16 Galactosyl (B) Dihydroceramide (d18:0/16:0),[C@H]([C@@H](CCCCCCCCCCCCCCC)O)(NC(=O)CCCCCCCCCCCCCCC)CO[C@@H]1O[C@@H]([C@@H](C(C1O)O)O)CO,702.5878139,284.905,C40H79NO8,[M+H]+
LIPMETLIN00491,16:0-18:1 Phosphatidylethanol-IsoPure,[H][C@@](COP(O)(OCC)=O)(OC(CCCCCCC/C=C\CCCCCCCC)=O)COC(CCCCCCCCCCCCCCC)=O,703.5272045,280.8,C39H75O8P,[M+H]+
LIPMETLIN00492,18:1-16:0 Phosphatidylethanol-IsoPure,[H][C@@](COP(O)(OCC)=O)(OC(CCCCCCCCCCCCCCC)=O)COC(CCCCCCC/C=C\CCCCCCCC)=O,703.5272045,282.2,C39H75O8P,[M+H]+
LIPMETLIN00493,16:0 SM (d18:1/16:0),[H][C@](NC(CCCCCCCCCCCCCCC)=O)(COP(OCC[N+](C)(C)C)([O-])=O)[C@@](O)([H])/C=C/CCCCCCCCCCCCC,703.5748204,285.125,C39H79N2O6P,[M+H]+
LIPMETLIN00494,15:0-18:1 PE,[O-]P(OCC[NH3+])(OC[C@]([H])(OC(CCCCCCC/C=C\CCCCCCCC)=O)COC(CCCCCCCCCCCCCC)=O)=O,704.5224539,272.9,C38H74NO8P,[M+H]+
LIPMETLIN00495,16:0-17:0 cyclo PE,[O-]P(OCC[NH3+])(OC[C@]([H])(OC(CCCCCCCC1C(C1)CCCCCC)=O)COC(CCCCCCCCCCCCCCC)=O)=O,704.5224539,275.7,C38H74NO8P,[M+H]+
LIPMETLIN00496,C16-18:1 PE,[H][C@](OC(CCCCCCC/C=C\CCCCCCCC)=O)(COP(OCCN)(O)=O)COCCCCCCCCCCCCCCCC,704.5588373,277.6666667,C39H78NO7P,[M+H]+
LIPMETLIN00497,16:0 Phosphatidylbutanol,[H][C@@](COP(O)(OCCCC)=O)(OC(CCCCCCCCCCCCCCC)=O)COC(CCCCCCCCCCCCCCC)=O,705.5428537,286.8333333,C39H77O8P,[M+H]+
LIPMETLIN00499,14:0-d27-14:0 PC,[O-]P(OCC[N+](C)(C)C)(OC[C@]([H])(OC(CCCCCCCCCCCCC)=O)COC(C([2H])([2H])C([2H])([2H])C([2H])([2H])C([2H])([2H])C([2H])([2H])C([2H])([2H])C([2H])([2H])C([2H])([2H])C([2H])([2H])C([2H])([2H])C([2H])([2H])C([2H])([2H])C([2H])([2H])[2H])=O)=O,705.6735405,275.9666667,C36H45NO8PD27,[M+H]+
LIPMETLIN00500,14:0 EPC,P(=O)(OCC)(OCC[N+](C)(C)C)OC[C@@H](COC(=O)CCCCCCCCCCCCC)OC(=O)CCCCCCCCCCCCC,706.5381031,280.8,C38H76NO8P,[M+H]+
LIPMETLIN00501,14:0-16:0 PC,[O-]P(OCC[N+](C)(C)C)(OC[C@]([H])(OC(CCCCCCCCCCCCCCC)=O)COC(CCCCCCCCCCCCC)=O)=O,706.5381031,280.5,C38H76NO8P,[M+H]+
LIPMETLIN00502,15:0 PC,P(=O)([O-])(OCC[N+](C)(C)C)OC[C@@H](COC(=O)CCCCCCCCCCCCCC)OC(=O)CCCCCCCCCCCCCC,706.5381031,279.6666667,C38H76NO8P,[M+H]+
LIPMETLIN00503,16:0 Monomethyl PE,O=C(CCCCCCCCCCCCCCC)OC[C@]([H])(COP(OCCNC)(O)=O)OC(CCCCCCCCCCCCCCC)=O,706.5381031,282.4666667,C38H76NO8P,[M+H]+
LIPMETLIN00504,16:0-14:0 PC,P(=O)([O-])(OCC[N+](C)(C)C)OC[C@@H](COC(=O)CCCCCCCCCCCCCCC)OC(=O)CCCCCCCCCCCCC,706.5381031,280.9666667,C38H76NO8P,[M+H]+
LIPMETLIN00505,16:0 Diether PC,[C@H](COCCCCCCCCCCCCCCCC)(OCCCCCCCCCCCCCCCC)COP(=O)(OCC[N+](C)(C)C)[O-],706.6108699,286.9,C40H84NO6P,[M+H]+
LIPMETLIN00506,14:0-14:0(COOH) PC,[O-]P(OCC[N+](C)(C)C)(OC[C@]([H])(OC(CCCCCCCCCCCCC(O)=O)=O)COC(CCCCCCCCCCCCC)=O)=O,708.4809855,271.2666667,C36H70NO10P,[M+H]+
LIPMETLIN00507,Chol-C10-PC,CC(CCC[C@@H](C)[C@@](CC[C@]1([C@](CC=C2C[C@](CC[C@]32C)(OCCCCCCCCCCOP([O-])(OCC[N+](C)(C)C)=O)[H])4[H])[H])([C@]1(CC[C@@]43[H])C)[H])C,708.5690073,297.5333333,C42H78NO5P,[M+H]+
LIPMETLIN00508,16:0 Ptd Thioethanol,[H][C@@](COP(O)(OCCS)=O)(OC(CCCCCCCCCCCCCCC)=O)COC(CCCCCCCCCCCCCCC)=O,709.4836273,284.3,C37H73O8PS,[M+H]+
LIPMETLIN00509,DGTS,C([C@H](COCCC(C(=O)[O-])[N+](C)(C)C)OC(=O)CCCCCCCCCCCCCCC)OC(=O)CCCCCCCCCCCCCCC,712.6085481,286.7,C42H81NO7,[M+H]+
LIPMETLIN00510,16:0(alkyne)-18:1 PE,[O-]P(OCC[NH3+])(OC[C@]([H])(OC(CCCCCCC/C=C\CCCCCCCC)=O)COC(CCCCCCCCCCCCCC#C)=O)=O,714.5068047,270.8333333,C39H72NO8P,[M+H]+
LIPMETLIN00511,C17 Glucosyl(beta) Ceramide (d18:1/17:0),C([C@@H]([C@@H](/C=C/CCCCCCCCCCCCC)O)NC(=O)CCCCCCCCCCCCCCCC)O[C@@H]1O[C@@H]([C@H](C(C1O)O)O)CO,714.5878139,285.6,C41H79NO8,[M+H]+
LIPMETLIN00512,18:1 Phosphatidylmethanol,[H][C@@](COP(O)(OC)=O)(OC(CCCCCCC/C=C\CCCCCCCC)=O)COC(CCCCCCC/C=C\CCCCCCCC)=O,715.5272045,279.1333333,C40H75O8P,[M+H]+
LIPMETLIN00513,17:0 SM (d18:1/17:0),[H][C@](NC(CCCCCCCCCCCCCCCC)=O)(COP(OCC[N+](C)(C)C)([O-])=O)[C@@](O)([H])/C=C/CCCCCCCCCCCCC,717.5904701,288.2333333,C40H81N2O6P,[M+H]+
LIPMETLIN00514,16:0-18:1 PE,[C@H](COP(=O)(OCCN)O)(COC(=O)CCCCCCCCCCCCCCC)OC(=O)CCCCCCC/C=C\CCCCCCCC,718.5381026,276.825,C39H76NO8P,[M+H]+
LIPMETLIN00515,16:0 Dimethyl PE,O=C(CCCCCCCCCCCCCCC)OC[C@]([H])(COP(OCCN(C)C)(O)=O)OC(CCCCCCCCCCCCCCC)=O,720.5537523,285.8666667,C39H78NO8P,[M+H]+
LIPMETLIN00516,16:0-a15:0 PC,[O-]P(OCC[N+](C)(C)C)(OC[C@]([H])(OC(CCCCCCCCCC[C@H](C)CC)=O)COC(CCCCCCCCCCCCCCC)=O)=O,720.5537523,283.4666667,C39H78NO8P,[M+H]+
LIPMETLIN00517,16:0-i15:0 PC,[O-]P(OCC[N+](C)(C)C)(OC[C@]([H])(OC(CCCCCCCCCCCC(C)C)=O)COC(CCCCCCCCCCCCCCC)=O)=O,720.5537523,283.5333333,C39H78NO8P,[M+H]+
LIPMETLIN00518,17:0 PE,O=C(CCCCCCCCCCCCCCCC)OC[C@]([H])(COP(OCCN)(O)=O)OC(CCCCCCCCCCCCCCCC)=O,720.5537523,280.9333333,C39H78NO8P,[M+H]+
LIPMETLIN00519,16:0-22:6 PA,O=C(CCCCCCCCCCCCCCC)OC[C@]([H])(COP(O)(O)=O)OC(CC/C=C\C/C=C\C/C=C\C/C=C\C/C=C\C/C=C\CC)=O,721.4802569,276.5333333,C41H69O8P,[M+H]+
LIPMETLIN00522,16:0-18:1 Diether PG,OP(OCC(O)CO)(OC[C@]([H])(OCCCCCCCC/C=C\CCCCCCCC)COCCCCCCCCCCCCCCCC)=O,721.5741521,286.9,C40H81O8P,[M+H]+
LIPMETLIN00523,C12 Mono-Sulfo Galactosyl(Beta) Ceramide  (d18:1/12:0),[H][C@](/C=C/CCCCCCCCCCCCC)(O)[C@@]([H])(NC(CCCCCCCCCCC)=O)CO[C@H](O1)[C@H](O)[C@@H](OS(O)(=O)=O)[C@H]([C@H]1CO)O,724.4663849,277.7666667,C36H69NO11S,[M+H]+
LIPMETLIN00525,C18:1 Galactosyl(b) Ceramide (d18:1/18:1(9Z)),[H][C@](/C=C/CCCCCCCCCCCCC)(O)[C@@]([H])(NC(CCCCCCC/C=C\CCCCCCCC)=O)CO[C@H](O1)[C@H](O)[C@@H](O)[C@@H](O)[C@H]1CO,726.5878139,284.9333333,C42H79NO8,[M+H]+
LIPMETLIN00526,C18:1 Glucosyl(b) Ceramide (d18:1/18:1(9Z)),[H][C@](/C=C/CCCCCCCCCCCCC)(O)[C@@]([H])(NC(CCCCCCC/C=C\CCCCCCCC)=O)CO[C@H](O1)[C@H](O)[C@@H](O)[C@@H]([C@H]1CO)O,726.5878139,285.4666667,C42H79NO8,[M+H]+
LIPMETLIN00527,CoQ8,C1(=C(C(=O)C(=C(C1=O)C)C/C=C(/CC/C=C(/CC/C=C(/CC/C=C(/CC/C=C(/CC/C=C(/CC/C=C(/CCC=C(C)C)\C)\C)\C)\C)\C)\C)\C)OC)OC,727.5659569,278.1,C49H74O4,[M+H]+
LIPMETLIN00528,16:0 propargyl SM (d18:1-16:0),CCCCCCCCCCCCC/C=C/[C@@H](O)[C@@H](NC(CCCCCCCCCCCCCCC)=O)COP([O-])(OCC[N+](C)(CC#C)C)=O,727.5748209,289.4666667,C41H79N2O6P,[M+H]+
LIPMETLIN00529,C18 Galactosyl(b) Ceramide (d18:1/18:0),C([C@@H]([C@@H](/C=C/CCCCCCCCCCCCC)O)NC(=O)CCCCCCCCCCCCCCCCC)O[C@@H]1O[C@@H]([C@@H](C(C1O)O)O)CO,728.6034631,287.3,C42H81NO8,[M+H]+
LIPMETLIN00530,C18 Glucosyl(Beta) Ceramide (d18:1/18:0),[H][C@](NC(CCCCCCCCCCCCCCCCC)=O)(CO[C@H]1[C@H](O)[C@@H](O)[C@@H]([C@@H](CO)O1)O)[C@@](O)([H])/C=C/CCCCCCCCCCCCC,728.6034631,287.9,C42H81NO8,[M+H]+
LIPMETLIN00531,18:1 Phosphatidylethanol,[H][C@@](COP(O)(OCC)=O)(OC(CCCCCCC/C=C\CCCCCCCC)=O)COC(CCCCCCC/C=C\CCCCCCCC)=O,729.5428537,282.1666667,C41H77O8P,[M+H]+
LIPMETLIN00532,18:1 SM (d18:1/18:1(9Z)),[H][C@](NC(CCCCCCC/C=C\CCCCCCCC)=O)(COP(OCC[N+](C)(C)C)([O-])=O)[C@@](O)([H])/C=C/CCCCCCCCCCCCC,729.5904701,288.6666667,C41H81N2O6P,[M+H]+
LIPMETLIN00533,C18(Plasm)-18:1 PE,[O-]P(OCC[NH3+])(OC[C@]([H])(OC(CCCCCCC/C=C\CCCCCCCC)=O)CO/C=C\CCCCCCCCCCCCCCCC)=O,730.574486,281.8,C41H80NO7P,[M+H]+
LIPMETLIN00534,18:0 SM (d18:1/18:0),[H][C@](/C=C/CCCCCCCCCCCCC)(O)[C@@]([H])(NC(CCCCCCCCCCCCCCCCC)=O)COP([O-])(OCC[N+](C)(C)C)=O,731.6061188,290.925,C41H83N2O6P,[M+H]+
LIPMETLIN00535,18:1-14:0 PC,[O-]P(OCC[N+](C)(C)C)(OC[C@]([H])(OC(CCCCCCCCCCCCC)=O)COC(CCCCCCC/C=C\CCCCCCCC)=O)=O,732.5537523,283.4333333,C40H78NO8P,[M+H]+
LIPMETLIN00536,16:0-18:1 Diether PC,P(=O)([O-])(OCC[N+](C)(C)C)OC[C@@H](COCCCCCCCCCCCCCCCC)OCCCCCCCC/C=C\CCCCCCCC,732.6265191,288.4666667,C42H86NO6P,[M+H]+
LIPMETLIN00537,14:0-18:0 PC,[O-]P(OCC[N+](C)(C)C)(OC[C@]([H])(OC(CCCCCCCCCCCCCCCCC)=O)COC(CCCCCCCCCCCCC)=O)=O,734.569401,286.48,C40H80NO8P,[M+H]+
LIPMETLIN00538,16:0 2-PC,[O-]P(OCC[N+](C)(C)C)(OC(COC(CCCCCCCCCCCCCCC)=O)COC(CCCCCCCCCCCCCCC)=O)=O,734.5694015,285.2333333,C40H80NO8P,[M+H]+
LIPMETLIN00539,16:0 PC (DPPC),CCCCCCCCCCCCCCCC(OC[C@H](OC(CCCCCCCCCCCCCCC)=O)COP([O-])(OCC[N+](C)(C)C)=O)=O,734.5694015,286.4666667,C40H80NO8P,[M+H]+
LIPMETLIN00540,16:0 PC (DPPC),CCCCCCCCCCCCCCCC(OC[C@H](OC(CCCCCCCCCCCCCCC)=O)COP([O-])(OCC[N+](C)(C)C)=O)=O,734.5694015,286.4666667,C40H80NO8P,[M+H]+
LIPMETLIN00542,15:0-18:1 PG,[C@H](COC(=O)CCCCCCCCCCCCCC)(OC(=O)CCCCCCC/C=C\CCCCCCCC)COP(=O)(OC[C@H](CO)O)O,735.5170345,286.43,C39H75O10P,[M+H]+
LIPMETLIN00543,18:3 PE,[H][C@@](COP([O-])(OCC[NH3+])=O)(OC(CCCCCCC/C=C\C/C=C\C/C=C\CC)=O)COC(CCCCCCC/C=C\C/C=C\C/C=C\CC)=O,736.491155,268.15,C41H70NO8P,[M+H]+
LIPMETLIN00544,16:0 PS,[H][C@@](COP(O)(OC[C@](C([O-])=O)([H])[NH3+])=O)(OC(CCCCCCCCCCCCCCC)=O)COC(CCCCCCCCCCCCCCC)=O,736.5122839,282.8,C38H74NO10P,[M+H]+
LIPMETLIN00545,16:0-20:4 PE,O=C(CCCCCCCCCCCCCCC)OC[C@]([H])(COP(OCCN)(O)=O)OC(CCC/C=C\C/C=C\C/C=C\C/C=C\CCCCC)=O,740.5224534,277.85,C41H74NO8P,[M+H]+
LIPMETLIN00546,18:2 PE,O=C(CCCCCCC/C=C\C/C=C\CCCCC)OC[C@]([H])(COP(OCCN)(O)=O)OC(CCCCCCC/C=C\C/C=C\CCCCC)=O,740.5224534,274.1,C41H74NO8P,[M+H]+
LIPMETLIN00547,18:1 Phosphatidylpropanol,[H][C@@](COP(O)(OCCC)=O)(OC(CCCCCCC/C=C\CCCCCCCC)=O)COC(CCCCCCC/C=C\CCCCCCCC)=O,743.5585029,286.6333333,C42H79O8P,[M+H]+
LIPMETLIN00548,18:0-18:2 PE,O=C(CCCCCCCCCCCCCCCCC)OC[C@]([H])(COP(OCCN)(O)=O)OC(CCCCCCC/C=C\C/C=C\CCCCC)=O,744.5537523,280.5,C41H78NO8P,[M+H]+
LIPMETLIN00549,18:1 (delta9-Trans) PE,O=C(CCCCCCC/C=C/CCCCCCCC)OC[C@]([H])(COP(OCCN)(O)=O)OC(CCCCCCC/C=C/CCCCCCCC)=O,744.5537518,281.625,C41H78NO8P,[M+H]+
LIPMETLIN00550,PE(18:1(9Z)/18:1(9Z)),O=C(CCCCCCC/C=C\CCCCCCCC)OC[C@]([H])(COP(OCCN)(O)=O)OC(CCCCCCC/C=C\CCCCCCCC)=O,744.5537523,279.8666667,C41H78NO8P,[M+H]+
LIPMETLIN00551,PE(18:1(9Z)/18:1(9Z)),O=C(CCCCCCC/C=C\CCCCCCCC)OC[C@]([H])(COP(OCCN)(O)=O)OC(CCCCCCC/C=C\CCCCCCCC)=O,744.5537523,279.8666667,C41H78NO8P,[M+H]+
LIPMETLIN00552,C18(2R-OH) Galactosyl(beta) Ceramide,[H][C@](/C=C/CCCCCCCCCCCCC)(O)[C@@]([H])(NC([C@H](O)CCCCCCCCCCCCCCCC)=O)CO[C@H](O1)[C@H](O)[C@@H](O)[C@H]([C@H]1CO)O,744.5983781,290.57,C42H81NO9,[M+H]+
LIPMETLIN00553,C18(2S-OH) Galactosyl(b) Ceramide,[H][C@](/C=C/CCCCCCCCCCCCC)(O)[C@@]([H])(NC([C@@H](O)CCCCCCCCCCCCCCCC)=O)CO[C@H](O1)[C@H](O)[C@@H](O)[C@H]([C@H]1CO)O,744.5983781,288.3,C42H81NO9,[M+H]+
LIPMETLIN00554,20:4 PA,O=C(CCC/C=C\C/C=C\C/C=C\C/C=C\CCCCC)OC[C@]([H])(COP(O)(O)=O)OC(CCC/C=C\C/C=C\C/C=C\C/C=C\CCCCC)=O,745.4802569,276.6,C43H69O8P,[M+H]+
LIPMETLIN00555,18:1 Ptd Ethylene Glycol,[H][C@@](COP(O)(OCCO)=O)(OC(CCCCCCC/C=C\CCCCCCCC)=O)COC(CCCCCCC/C=C\CCCCCCCC)=O,745.5377687,286.8666667,C41H77O9P,[M+H]+
LIPMETLIN00556,15:0-18:1 PC,[O-]P(OCC[N+](C)(C)C)(OC[C@]([H])(OC(CCCCCCC/C=C\CCCCCCCC)=O)COC(CCCCCCCCCCCCCC)=O)=O,746.5694015,286.1666667,C41H80NO8P,[M+H]+
LIPMETLIN00557,16:0-17:0 cyclo PC,[O-]P(OCC[N+](C)(C)C)(OC[C@]([H])(OC(CCCCCCCC1C(C1)CCCCCC)=O)COC(CCCCCCCCCCCCCCC)=O)=O,746.5694015,287.6333333,C41H80NO8P,[M+H]+
LIPMETLIN00558,18:0-18:1 PE,[H][C@@](COP([O-])(OCC[NH3+])=O)(OC(CCCCCCC/C=C\CCCCCCCC)=O)COC(CCCCCCCCCCCCCCCCC)=O,746.5694015,282.8,C41H80NO8P,[M+H]+
LIPMETLIN00559,C16-18:1 PC,[H][C@](OC(CCCCCCC/C=C\CCCCCCCC)=O)(COP(OCC[N+](C)(C)C)([O-])=O)COCCCCCCCCCCCCCCCC,746.6057849,290.9333333,C42H84NO7P,[M+H]+
LIPMETLIN00560,16:0-18:2 PG,O=P(O)(OC[C@@]([H])(O)CO)OC[C@@](OC(CCCCCCC/C=C\C/C=C\CCCCC)=O)([H])COC(CCCCCCCCCCCCCCC)=O,747.5170345,285.9666667,C40H75O10P,[M+H]+
LIPMETLIN00561,15:0-18:1 PS,O=C(CCCCCCCCCCCCCC)OC[C@]([H])(COP(OC[C@](C(O)=O)([H])N)(O)=O)OC(CCCCCCC/C=C\CCCCCCCC)=O,748.5122839,281.2,C39H74NO10P,[M+H]+
LIPMETLIN00562,18:0 PE,O=C(CCCCCCCCCCCCCCCCC)OC[C@]([H])(COP(OCCN)(O)=O)OC(CCCCCCCCCCCCCCCCC)=O,748.5850507,286.5,C41H82NO8P,[M+H]+
LIPMETLIN00563,18:0-22:6 PA,O=C(CCCCCCCCCCCCCCCCC)OC[C@]([H])(COP(O)(O)=O)OC(CC/C=C\C/C=C\C/C=C\C/C=C\C/C=C\C/C=C\CC)=O,749.5115553,283.4,C43H73O8P,[M+H]+
LIPMETLIN00564,16:0-18:1 PG,[H][C@@](CO)(O)COP(OCC([H])(OC(CCCCCCC/C=C\CCCCCCCC)=O)COC(CCCCCCCCCCCCCCC)=O)(O)=O,749.5326837,289.5666667,C40H77O10P,[M+H]+
LIPMETLIN00565,C8 Lactosyl(b) Ceramide (d18:1/8:0),[H][C@](/C=C/CCCCCCCCCCCCC)(O)[C@@]([H])(NC(CCCCCCC)=O)CO[C@H](O1)[C@H](O)[C@@H](O)[C@@H]([C@H]1CO)O[C@H](O2)[C@H](O)[C@@H](O)[C@H]([C@H]2CO)O,750.4997921,275.4,C38H71NO13,[M+H]+
LIPMETLIN00566,C8 L-threo-Lactosyl(Beta) Ceramide (d18:1/8:0),CCCCCCCCCCCCC/C=C/[C@@](O)([H])[C@@]([H])(NC(CCCCCCC)=O)CO[C@H](O1)[C@H](O)[C@@H](O)[C@@H]([C@H]1CO)O[C@H](O2)[C@H](O)[C@@H](O)[C@H]([C@H]2CO)O,750.4997921,279.3333333,C38H71NO13,[M+H]+
LIPMETLIN00567,17:0 PG,[H][C@@](CO)(O)COP(OC[C@]([H])(OC(CCCCCCCCCCCCCCCC)=O)COC(CCCCCCCCCCCCCCCC)=O)(O)=O,751.5483329,293.9,C40H79O10P,[M+H]+
LIPMETLIN00568,C18(Plasm)-20:4 PE,CCCCC/C=C\C/C=C\C/C=C\C/C=C\CCCC(OC[C@@H](O/C=C\CCCCCCCCCCCCCCCC)COP(O)(OCCN)=O)=O,752.5588368,282.1,C43H78NO7P,[M+H]+
LIPMETLIN00569,16:0-16:0 (16-F) PC,[O-]P(OCC[N+](C)(C)C)(OC[C@]([H])(OC(CCCCCCCCCCCCCCC([H])([H])F)=O)COC(CCCCCCCCCCCCCCC)=O)=O,752.5599801,281.8,C40H79NO8PF,[M+H]+
LIPMETLIN00570,16:0(alkyne)-18:1 PC,P(=O)([O-])(OCC[N+](C)(C)C)OC[C@@H](COC(=O)CCCCCCCCCCCCCC#C)OC(=O)CCCCCCC/C=C\CCCCCCCC,756.5537523,282.2,C42H78NO8P,[M+H]+
LIPMETLIN00571,18:1 Phosphatidylbutanol,[H][C@@](COP(O)(OCCCC)=O)(OC(CCCCCCC/C=C\CCCCCCCC)=O)COC(CCCCCCC/C=C\CCCCCCCC)=O,757.5741521,290.5333333,C43H81O8P,[M+H]+
LIPMETLIN00575,16:0-18:2 PC,[O-]P(OCC[N+](C)(C)C)(OC[C@]([H])(OC(CCCCCCC/C=C\C/C=C\CCCCC)=O)COC(CCCCCCCCCCCCCCC)=O)=O,758.5694015,285.4333333,C42H80NO8P,[M+H]+
LIPMETLIN00576,18:1 Monomethyl PE,C([C@H](COP(=O)([O-])OCC[NH2+]C)OC(=O)CCCCCCC/C=C\CCCCCCCC)OC(=O)CCCCCCC/C=C\CCCCCCCC,758.5694015,286.1666667,C42H80NO8P,[M+H]+
LIPMETLIN00577,16:0 Azidoethyl SM (d18:1/16:0),CCCCCCCCCCCCC/C=C/[C@@H](O)[C@@H](NC(CCCCCCCCCCCCCCC)=O)COP([O-])(OCC[N+](C)(CCN=[N+]=[N-])C)=O,758.5918675,292.2333333,C40H80N5O6P,[M+H]+
LIPMETLIN00578,18:1 Diether PC,[O-]P(OCC[N+](C)(C)C)(OC[C@]([H])(OCCCCCCCC/C=C\CCCCCCCC)COCCCCCCCC/C=C\CCCCCCCC)=O,758.6421683,293.2,C44H88NO6P,[M+H]+
LIPMETLIN00581,16:0-18:1 PC,P(=O)([O-])(OCC[N+](C)(C)C)OC[C@@H](COC(=O)CCCCCCC/C=C\CCCCCCCC)OC(=O)CCCCCCCCCCCCCCC,760.5850507,288.6333333,C42H82NO8P,[M+H]+
LIPMETLIN00582,18:1(n10)-16:0 PC,[O-]P(OCC[N+](C)(C)C)(OC[C@]([H])(OC(CCCCCCCCCCCCCCC)=O)COC(CCCCCC/C=C\CCCCCCCCC)=O)=O,760.5850507,290.3,C42H82NO8P,[M+H]+
LIPMETLIN00583,16:0-18:1 PC,P(=O)([O-])(OCC[N+](C)(C)C)OC[C@@H](COC(=O)CCCCCCC/C=C\CCCCCCCC)OC(=O)CCCCCCCCCCCCCCC,760.5850507,288.6333333,C42H82NO8P,[M+H]+
LIPMETLIN00586,16:0-18:0 PC,P(=O)([O-])(OCC[N+](C)(C)C)OC[C@@H](COC(=O)CCCCCCCCCCCCCCC)OC(=O)CCCCCCCCCCCCCCCCC,762.6006999,292.4666667,C42H84NO8P,[M+H]+
LIPMETLIN00587,17:0 PC,[C@H](COC(=O)CCCCCCCCCCCCCCCC)(OC(=O)CCCCCCCCCCCCCCCC)COP(=O)(OCC[N+](C)(C)C)[O-],762.6006999,292.531,C42H84NO8P,[M+H]+
LIPMETLIN00588,18:0-16:0 PC,[O-]P(OCC[N+](C)(C)C)(OC[C@]([H])(OC(CCCCCCCCCCCCCCC)=O)COC(CCCCCCCCCCCCCCCCC)=O)=O,762.6006999,292.2,C42H84NO8P,[M+H]+
LIPMETLIN00589,18:0 Diether PC,[O-]P(OCC[N+](C)(C)C)(OC[C@]([H])(OCCCCCCCCCCCCCCCCCC)COCCCCCCCCCCCCCCCCCC)=O,762.6734667,298.9,C44H92NO6P,[M+H]+
LIPMETLIN00590,C6(6-azido) LacCer,C([C@@H]([C@@H](/C=C/CCCCCCCCCCCCC)O)NC(=O)CCCCCN=[N+]=[N-])O[C@@H]1O[C@@H]([C@H](C(C1O)O)O[C@@H]1O[C@@H]([C@@H](C(C1O)O)O)CO)CO,763.4698911,273.1333333,C36H66N4O13,[M+H]+
LIPMETLIN00591,17:0 PS,O=C(CCCCCCCCCCCCCCCC)OC[C@]([H])(COP(OC[C@](C(O)=O)([H])N)(O)=O)OC(CCCCCCCCCCCCCCCC)=O,764.5435823,288.6333333,C40H78NO10P,[M+H]+
LIPMETLIN00592,18:3 PG,[H][C@@](COP(O)(OCC(O)CO)=O)(OC(CCCCCCC/C=C\C/C=C\C/C=C\CC)=O)COC(CCCCCCC/C=C\C/C=C\C/C=C\CC)=O,767.4857361,280.1666667,C42H71O10P,[M+H]+
LIPMETLIN00593,18:0-20:4 PE,O=C(CCCCCCCCCCCCCCCCC)OC[C@]([H])(COP(OCCN)(O)=O)OC(CCC/C=C\C/C=C\C/C=C\C/C=C\CCCCC)=O,768.5537523,284.3,C43H78NO8P,[M+H]+
LIPMETLIN00594,16:0-20:4 PG,O=C(CCCCCCCCCCCCCCC)OC[C@@]([H])(OC(CCC/C=C\C/C=C\C/C=C\C/C=C\CCCCC)=O)COP(OC[C@](O)([H])CO)(O)=O,771.5170345,289.5333333,C42H75O10P,[M+H]+
LIPMETLIN00595,18:2 PG,[H][C@@](COP(O)(OCC(O)CO)=O)(OC(CCCCCCC/C=C\C/C=C\CCCCC)=O)COC(CCCCCCC/C=C\C/C=C\CCCCC)=O,771.5170345,285.8333333,C42H75O10P,[M+H]+
LIPMETLIN00596,18:1 Dimethyl PE,[H][C@@](COP([O-])(OCC[N+](C)(C)[H])=O)(OC(CCCCCCC/C=C\CCCCCCCC)=O)COC(CCCCCCC/C=C\CCCCCCCC)=O,772.5850507,289.8333333,C43H82NO8P,[M+H]+
LIPMETLIN00597,C18(Plasm)-18:1 PC,[H][C@](OC(CCCCCCC/C=C\CCCCCCCC)=O)(COP(OCC[N+](C)(C)C)([O-])=O)CO/C=C\CCCCCCCCCCCCCCCC,772.6214341,294.8666667,C44H86NO7P,[M+H]+
LIPMETLIN00598,24:0 CPE (d18:1/24:0),[H][C@](/C=C/CCCCCCCCCCCCC)(O)[C@@]([H])(NC(CCCCCCCCCCCCCCCCCCCCCCC)=O)COP([O-])(OCC[NH3+])=O,773.6530669,295.9666667,C44H89N2O6P,[M+H]+
LIPMETLIN00600,18:0-18:2 PG,[H][C@@](COP(O)(OCC(O)CO)=O)(OC(CCCCCCC/C=C\C/C=C\CCCCC)=O)COC(CCCCCCCCCCCCCCCCC)=O,775.5483329,292,C42H79O10P,[M+H]+
LIPMETLIN00601,18:1 (delta9-Cis) PG,[H][C@@](COP(O)(OCC(O)CO)=O)(OC(CCCCCCC/C=C\CCCCCCCC)=O)COC(CCCCCCC/C=C\CCCCCCCC)=O,775.5483329,290.0666667,C42H79O10P,[M+H]+
LIPMETLIN00602,"18:1 BMP (R,R)",[H][C@@](COP(OC[C@]([H])(O)COC(CCCCCCC/C=C\CCCCCCCC)=O)(O)=O)(O)COC(CCCCCCC/C=C\CCCCCCCC)=O,775.5483329,290.9333333,C42H79O10P,[M+H]+
LIPMETLIN00603,"18:1 BMP (S,R)",[H][C@@](COP(OC[C@@]([H])(O)COC(CCCCCCC/C=C\CCCCCCCC)=O)(O)=O)(O)COC(CCCCCCC/C=C\CCCCCCCC)=O,775.5483329,290.0333333,C42H79O10P,[M+H]+
LIPMETLIN00604,"18:1 BMP (S,S)",[H][C@](COP(OC[C@@]([H])(O)COC(CCCCCCC/C=C\CCCCCCCC)=O)(O)=O)(O)COC(CCCCCCC/C=C\CCCCCCCC)=O,775.5483329,290.8333333,C42H79O10P,[M+H]+
LIPMETLIN00605,PG(18:1(9E)/18:1(9E)),[H][C@@](COP(O)(OCC(O)CO)=O)(OC(CCCCCCC/C=C/CCCCCCCC)=O)COC(CCCCCCC/C=C/CCCCCCCC)=O,775.5483329,292.8666667,C42H79O10P,[M+H]+
LIPMETLIN00606,C18(Plasm)-22:6 PE,[H][C@@](COP([O-])(OCC[NH3+])=O)(OC(CC/C=C\C/C=C\C/C=C\C/C=C\C/C=C\C/C=C\CC)=O)CO/C=C\CCCCCCCCCCCCCCCC,776.5588373,284.8666667,C45H78NO7P,[M+H]+
LIPMETLIN00607,4ME 16:0 Diether PE,[H][C@@](COP([O-])(OCC[NH3+])=O)(OCCC(C)CCCC(C)CCCC(C)CCCC(C)C)COCCC(C)CCCC(C)CCCC(C)CCCC(C)C,776.6891159,295,C45H94NO6P,[M+H]+
LIPMETLIN00608,18:0-18:1 PG,[H][C@@](COP(O)(OCC(CO)O)=O)(OC(CCCCCCC/C=C\CCCCCCCC)=O)COC(CCCCCCCCCCCCCCCCC)=O,777.5639821,295.0666667,C42H81O10P,[M+H]+
LIPMETLIN00609,18:3 PC,[O-]P(OCC[N+](C)(C)C)(OC[C@]([H])(OC(CCCCCCC/C=C\C/C=C\C/C=C\CC)=O)COC(CCCCCCC/C=C\C/C=C\C/C=C\CC)=O)=O,778.5381026,280.64,C44H76NO8P,[M+H]+
LIPMETLIN00610,18:0 PG,O=C(CCCCCCCCCCCCCCCCC)OC[C@@]([H])(OC(CCCCCCCCCCCCCCCCC)=O)COP(OC[C@](O)([H])CO)(O)=O,779.5796313,299.0666667,C42H83O10P,[M+H]+
LIPMETLIN00611,16:0-20:4 PC,O=C(CCCCCCCCCCCCCCC)OC[C@]([H])(COP(OCC[N+](C)(C)C)([O-])=O)OC(CCC/C=C\C/C=C\C/C=C\C/C=C\CCCCC)=O,782.569401,288.84,C44H80NO8P,[M+H]+
LIPMETLIN00612,18:2 (Cis) PC (DLPC),[O-]P(OCC[N+](C)(C)C)(OC[C@]([H])(OC(CCCCCCC/C=C\C/C=C\CCCCC)=O)COC(CCCCCCC/C=C\C/C=C\CCCCC)=O)=O,782.5694015,286.0666667,C44H80NO8P,[M+H]+
LIPMETLIN00613,18:2 (Cis) PC (DLPC),[O-]P(OCC[N+](C)(C)C)(OC[C@]([H])(OC(CCCCCCC/C=C\C/C=C\CCCCC)=O)COC(CCCCCCC/C=C\C/C=C\CCCCC)=O)=O,782.5694015,286.0666667,C44H80NO8P,[M+H]+
LIPMETLIN00614,16:0-20:4 PS,O=C(CCCCCCCCCCCCCCC)OC[C@]([H])(COP(OC[C@](C(O)=O)([H])N)(O)=O)OC(CCC/C=C\C/C=C\C/C=C\C/C=C\CCCCC)=O,784.5122839,282.3666667,C42H74NO10P,[M+H]+
LIPMETLIN00615,18:2 PS,O=C(CCCCCCC/C=C\C/C=C\CCCCC)OC[C@]([H])(COP(OC[C@](C(O)=O)([H])N)(O)=O)OC(CCCCCCC/C=C\C/C=C\CCCCC)=O,784.5122839,279.1,C42H74NO10P,[M+H]+
LIPMETLIN00616,Lyso GB3 (synthetic),O[C@H]1[C@H](OC[C@H](N)[C@H](O)/C=C/CCCCCCCCCCCCC)O[C@H](CO)[C@@H](O[C@@H]2O[C@H](CO)[C@@H]([C@H](O)[C@H]2O)O[C@H]3O[C@H](CO)[C@@H]([C@H](O)[C@H]3O)O)[C@@H]1O,786.4481537,269.6333333,C36H67NO17,[M+H]+
LIPMETLIN00617,Lyso iGB3 (synthetic),[C@@H]1(C([C@@H]([C@@H](OC1CO)OC[C@@H]([C@@H](/C=C/CCCCCCCCCCCCC)O)N)O)O)O[C@H]1[C@H](C([C@H](C(O1)CO)O)O[C@@H]1[C@H](C([C@H](C(O1)CO)O)O)O)O,786.4481537,274.2333333,C36H67NO17,[M+H]+
LIPMETLIN00618,16:0 hexynoyl PE,[H][C@@](COP(O)(OCCN([H])C(CCCC#C)=O)=O)(OC(CCCCCCCCCCCCCCC)=O)COC(CCCCCCCCCCCCCCC)=O,786.5643165,298.1,C43H80NO9P,[M+H]+
LIPMETLIN00619,18:0-18:2 PC,[O-]P(OCC[N+](C)(C)C)(OC[C@]([H])(OC(CCCCCCC/C=C\C/C=C\CCCCC)=O)COC(CCCCCCCCCCCCCCCCC)=O)=O,786.6006994,292.12,C44H84NO8P,[M+H]+
LIPMETLIN00620,18:1 (8-cis) PC,P(=O)([O-])(OCC[N+](C)(C)C)OC[C@@H](COC(=O)CCCCCC/C=C\CCCCCCCCC)OC(=O)CCCCCC/C=C\CCCCCCCCC,786.6006999,292.2666667,C44H84NO8P,[M+H]+
LIPMETLIN00621,18:1 (?9-Cis) PC (DOPC),[O-]P(OCC[N+](C)(C)C)(OC[C@]([H])(OC(CCCCCCC/C=C\CCCCCCCC)=O)COC(CCCCCCC/C=C\CCCCCCCC)=O)=O,786.6006999,292.7333333,C44H84NO8P,[M+H]+
LIPMETLIN00622,18:1 (delta6-Cis) PC,[C@H](COC(=O)CCCC/C=C\CCCCCCCCCCC)(OC(=O)CCCC/C=C\CCCCCCCCCCC)COP(=O)(OCC[N+](C)(C)C)[O-],786.6006999,295.03,C44H84NO8P,[M+H]+
LIPMETLIN00623,PC(18:1(9E)/18:1(9E)),[O-]P(OCC[N+](C)(C)C)(OC[C@]([H])(OC(CCCCCCC/C=C/CCCCCCCC)=O)COC(CCCCCCC/C=C/CCCCCCCC)=O)=O,786.6006999,293.7333333,C44H86NO7P,[M+H]+
LIPMETLIN00624,18:1 PC,O=C(CCCCCCC/C=C\CCCCCCCC)OC[C@]([H])(COP(OCC[N+](C)(C)C)([O-])=O)OC(CCCCCCC/C=C\CCCCCCCC)=O,786.6006994,292.4,C44H84NO8P,[M+H]+
LIPMETLIN00625,18:1(11-cis) PC,[O-]P(OCC[N+](C)(C)C)(OC[C@]([H])(OC(CCCCCCCCC/C=C\CCCCCC)=O)COC(CCCCCCCCC/C=C\CCCCCC)=O)=O,786.6006999,291.9,C44H84NO8P,[M+H]+
LIPMETLIN00626,PC(18:1(9E)/18:1(9E)),[O-]P(OCC[N+](C)(C)C)(OC[C@]([H])(OC(CCCCCCC/C=C/CCCCCCCC)=O)COC(CCCCCCC/C=C/CCCCCCCC)=O)=O,786.6006999,293.7333333,C44H84NO8P,[M+H]+
LIPMETLIN00628,20:4 PE,C([C@H](COP(=O)([O-])OCC[NH3+])OC(=O)CCC/C=C\C/C=C\C/C=C\C/C=C\CCCCC)OC(=O)CCC/C=C\C/C=C\C/C=C\C/C=C\CCCCC,788.5224539,280.6,C45H74NO8P,[M+H]+
LIPMETLIN00630,18:1 PS (DOPS),[H][C@@](COP(O)(OC[C@](C([O-])=O)([H])[NH3+])=O)(OC(CCCCCCC/C=C\CCCCCCCC)=O)COC(CCCCCCC/C=C\CCCCCCCC)=O,788.5435823,286.1666667,C42H78NO10P,[M+H]+
LIPMETLIN00631,16:0-18:1 EPC,O=P(OCC[N+](C)(C)C)(OC[C@]([H])(OC(CCCCCCC/C=C\CCCCCCCC)=O)COC(CCCCCCCCCCCCCCC)=O)OCC,788.6163491,295.6333333,C44H86NO8P,[M+H]+
LIPMETLIN00632,18:0-18:1 PC,[O-]P(OCC[N+](C)(C)C)(OC[C@]([H])(OC(CCCCCCC/C=C\CCCCCCCC)=O)COC(CCCCCCCCCCCCCCCCC)=O)=O,788.6163486,294.76,C44H86NO8P,[M+H]+
LIPMETLIN00633,18:1-18:0 PC,[O-]P(OCC[N+](C)(C)C)(OC[C@]([H])(OC(CCCCCCCCCCCCCCCCC)=O)COC(CCCCCCC/C=C\CCCCCCCC)=O)=O,788.6163491,295.8,C44H86NO8P,[M+H]+
LIPMETLIN00635,18:0 PC,[O-]P(OCC[N+](C)(C)C)(OC[C@]([H])(OC(CCCCCCCCCCCCCCCCC)=O)COC(CCCCCCCCCCCCCCCCC)=O)=O,790.6319978,297.98,C44H88NO8P,[M+H]+
LIPMETLIN00636,18:0-22:6 PE,O=C(CCCCCCCCCCCCCCCCC)OC[C@]([H])(COP(OCCN)(O)=O)OC(CC/C=C\C/C=C\C/C=C\C/C=C\C/C=C\C/C=C\CC)=O,792.5537523,286.0666667,C45H78NO8P,[M+H]+
LIPMETLIN00637,18:0 PS,[H][C@@](COP(O)(OC[C@](C([O-])=O)([H])[NH3+])=O)(OC(CCCCCCCCCCCCCCCCC)=O)COC(CCCCCCCCCCCCCCCCC)=O,792.5748807,293.9666667,C42H82NO10P,[M+H]+
LIPMETLIN00638,22:6 PA,O=C(CC/C=C\C/C=C\C/C=C\C/C=C\C/C=C\C/C=C\CC)OC[C@]([H])(COP(O)(O)=O)OC(CC/C=C\C/C=C\C/C=C\C/C=C\C/C=C\C/C=C\CC)=O,793.4802569,281.57,C47H69O8P,[M+H]+
LIPMETLIN00639,C17 Mono-Sulfo Galactosyl(Beta) Ceramide  (d18:1/17:0),[H][C@](/C=C/CCCCCCCCCCCCC)(O)[C@@]([H])(NC(CCCCCCCCCCCCCCCC)=O)CO[C@H](O1)[C@H](O)[C@@H](OS(O)(=O)=O)[C@H]([C@H]1CO)O,794.5446309,292.6333333,C41H79NO11S,[M+H]+
LIPMETLIN00640,C18(Plasm)-20:4 PC,[O-]P(OCC[N+](C)(C)C)(OC[C@]([H])(OC(CCC/C=C\C/C=C\C/C=C\C/C=C\CCCCC)=O)CO/C=C\CCCCCCCCCCCCCCCC)=O,794.6057844,294.28,C46H84NO7P,[M+H]+
LIPMETLIN00641,16:0-22:6 PG,O=P(O)(OC[C@@]([H])(O)CO)OC[C@@](OC(CC/C=C\C/C=C\C/C=C\C/C=C\C/C=C\C/C=C\CC)=O)([H])COC(CCCCCCCCCCCCCCC)=O,795.5170345,292.4666667,C44H75O10P,[M+H]+
LIPMETLIN00642,18:0-20:4 PG,O=C(CCCCCCCCCCCCCCCCC)OC[C@@]([H])(OC(CCC/C=C\C/C=C\C/C=C\C/C=C\CCCCC)=O)COP(OC[C@](O)([H])CO)(O)=O,799.5483329,295.8666667,C44H79O10P,[M+H]+
LIPMETLIN00643,Milk SM,[H][C@](NC(CCCCCCCCCCCCCCCCCCCCCC)=O)(COP(OCC[N+](C)(C)C)([O-])=O)[C@@](O)([H])/C=C/CCCCCCCCCCCCC,801.6843653,304.6333333,C46H93N2O6P,[M+H]+
LIPMETLIN00644,18:0-16:0(16-azido) PC,P(=O)([O-])(OCC[N+](C)(C)C)OC[C@@H](COC(=O)CCCCCCCCCCCCCCCCC)OC(=O)CCCCCCCCCCCCCCCN=[N+]=[N-],803.6020973,288.0666667,C42H83N4O8P,[M+H]+
LIPMETLIN00645,C12 Di-Sulfo Galactosyl(Beta) Ceramide (d18:1/12:0),[H][C@](/C=C/CCCCCCCCCCCCC)(O)[C@@]([H])(NC(CCCCCCCCCCC)=O)CO[C@H](O1)[C@H](O)[C@@H](OS(O)(=O)=O)[C@H]([C@H]1COS(O)(=O)=O)O,804.4232019,286.1,C36H69NO14S2,[M+H]+
LIPMETLIN00646,16:0-16:0(acrylate) PC,[H][C@@](COP([O-])(OCC[N+](C)(C)C)=O)(OC(CCCCCCCCCCCCCCCOC(C=C)=O)=O)COC(CCCCCCCCCCCCCCC)=O,804.5748807,290.8666667,C43H82NO10P,[M+H]+
LIPMETLIN00647,4ME 16:0 PE,[H][C@@](COP([O-])(OCC[NH3+])=O)(OC(CC(C)CCCC(C)CCCC(C)CCCC(C)C)=O)COC(CC(C)CCCC(C)CCCC(C)CCCC(C)C)=O,804.6476475,296.9,C45H90NO8P,[M+H]+
LIPMETLIN00649,16:0 Glutaryl PE,[H][C@@](COP(O)(OCCN([H])C(CCCC(O)=O)=O)=O)(OC(CCCCCCCCCCCCCCC)=O)COC(CCCCCCCCCCCCCCC)=O,806.5541465,297.1666667,C42H80NO11P,[M+H]+
LIPMETLIN00650,C12 Lactosyl(Beta) Ceramide  (d18:1/12:0),C([C@@H]([C@@H](/C=C/CCCCCCCCCCCCC)O)NC(=O)CCCCCCCCCCC)O[C@@H]1O[C@@H]([C@H](C(C1O)O)O[C@@H]1O[C@@H]([C@@H](C(C1O)O)O)CO)CO,806.5623889,289.1,C42H79NO13,[M+H]+
LIPMETLIN00651,B-Py-C10-HPE,[O-]P(OCC[NH3+])(OC[C@]([H])(OC(CCCCCCCCCC1=CC=C(C=C2)C3=C1C=CC4=C3C2=CC=C4)=O)COC(CCCCCCCCCCCCCCC)=O)=O,808.4911555,278.8666667,C47H70NO8P,[M+H]+
LIPMETLIN00652,16:0-22:6 PS,O=C(CCCCCCCCCCCCCCC)OC[C@]([H])(COP(OC[C@](C(O)=O)([H])N)(O)=O)OC(CC/C=C\C/C=C\C/C=C\C/C=C\C/C=C\C/C=C\CC)=O,808.5122839,284.5666667,C44H74NO10P,[M+H]+
LIPMETLIN00653,18:1 propargyl PC,[O-]P(OCC[N+](C)(CC#C)C)(OC[C@H](OC(CCCCCCC/C=C\CCCCCCCC)=O)COC(CCCCCCC/C=C\CCCCCCCC)=O)=O,810.6006999,296.4333333,C46H84NO8P,[M+H]+
LIPMETLIN00654,C24:1 Galactosyl(alpha) Ceramide (d18:1/24:1(15Z)),C([C@@H]([C@H](O)/C=C/CCCCCCCCCCCCC)NC(=O)CCCCCCCCCCCCC/C=C\CCCCCCCC)O[C@H]1O[C@@H]([C@@H](C(C1O)O)O)CO,810.6817091,303.17,C48H91NO8,[M+H]+
LIPMETLIN00655,C24:1 Galactosyl(b) Ceramide  (d18:1/24:1(15Z)),[H][C@](/C=C/CCCCCCCCCCCCC)(O)[C@@]([H])(NC(CCCCCCCCCCCCC/C=C\CCCCCCCC)=O)CO[C@H](O1)[C@H](O)[C@@H](O)[C@H]([C@H]1CO)O,810.6817091,302.4333333,C48H91NO8,[M+H]+
LIPMETLIN00656,C24:1 Glucosyl(b) Ceramide (d18:1/24:1(15Z)),[H][C@](/C=C/CCCCCCCCCCCCC)(O)[C@@]([H])(NC(CCCCCCCCCCCCC/C=C\CCCCCCCC)=O)CO[C@H](O1)[C@H](O)[C@@H](O)[C@@H]([C@H]1CO)O,810.6817091,303.1,C48H91NO8,[M+H]+
LIPMETLIN00657,18:0-20:4 PS,O=C(CCCCCCCCCCCCCCCCC)OC[C@]([H])(COP(OC[C@](C(O)=O)([H])N)(O)=O)OC(CCC/C=C\C/C=C\C/C=C\C/C=C\CCCCC)=O,812.5435823,288.1666667,C44H78NO10P,[M+H]+
LIPMETLIN00658,C24:0 Galactosyl(b)ceramide(d18:1/24:0),[H][C@](/C=C/CCCCCCCCCCCCC)(O)[C@@]([H])(NC(CCCCCCCCCCCCCCCCCCCCCCC)=O)CO[C@H](O1)[C@H](O)[C@@H](O)[C@H]([C@H]1CO)O,812.6973583,303.4666667,C48H93NO8,[M+H]+
LIPMETLIN00660,24:1 SM (d18:1/24:1),[H][C@](NC(CCCCCCCCCCCCC/C=C\CCCCCCCC)=O)(COP(OCC[N+](C)(C)C)([O-])=O)[C@@](O)([H])/C=C/CCCCCCCCCCCCC,813.6843648,304.95,C47H93N2O6P,[M+H]+
LIPMETLIN00661,18:0 propargyl PC,[O-]P(OCC[N+](C)(CC#C)C)(OC[C@H](OC(CCCCCCCCCCCCCCCCC)=O)COC(CCCCCCCCCCCCCCCCC)=O)=O,814.6319983,301.7666667,C46H88NO8P,[M+H]+
LIPMETLIN00662,18:1 EPC,O=P(OCC[N+](C)(C)C)(OC[C@]([H])(OC(CCCCCCC/C=C\CCCCCCCC)=O)COC(CCCCCCC/C=C\CCCCCCCC)=O)OCC,814.6319983,299.1333333,C46H88NO8P,[M+H]+
LIPMETLIN00663,18:1 aminoethyl PC,[O-]P(OCC[N+](C)(CCN)C)(OC[C@H](OC(CCCCCCC/C=C\CCCCCCCC)=O)COC(CCCCCCC/C=C\CCCCCCCC)=O)=O,815.6272477,296.7333333,C45H87N2O8P,[M+H]+
LIPMETLIN00665,24:0 SM,[H][C@](NC(CCCCCCCCCCCCCCCCCCCCCCC)=O)(COP(OCC[N+](C)(C)C)([O-])=O)[C@@](O)([H])/C=C/CCCCCCCCCCCCC,815.7000145,307.6,C47H95N2O6P,[M+H]+
LIPMETLIN00666,24:0 SM,[H][C@](NC(CCCCCCCCCCCCCCCCCCCCCCC)=O)(COP(OCC[N+](C)(C)C)([O-])=O)[C@@](O)([H])/C=C/CCCCCCCCCCCCC,815.7000145,307.6,C47H95N2O6P,[M+H]+
LIPMETLIN00667,1-O-Acyl-Ceramide,[H][C@](/C=C/CCCCCCCCCCCCC)(O)[C@@]([H])(NC(CCCCCCCCCCCCCCCC)=O)COC(CCCCCCC/C=C\CCCCCCCC)=O,816.7802951,317.9,C53H101NO4,[M+H]+
LIPMETLIN00668,SQDG,O[C@H]1[C@@H](OC[C@]([H])(OC(CCCCCCCCCCCCCCC)=O)COC(CCCCCCC/C=C\C/C=C\C/C=C\CC)=O)O[C@H](CS(=O)(O)=O)[C@@H](O)[C@@H]1O,817.5129981,289.7333333,C43H76O12S,[M+H]+
LIPMETLIN00669,C18(Plasm)-22:6 PC,[O-]P(OCC[N+](C)(C)C)(OC[C@]([H])(OC(CC/C=C\C/C=C\C/C=C\C/C=C\C/C=C\C/C=C\CC)=O)CO/C=C\CCCCCCCCCCCCCCCC)=O,818.6057849,296.8666667,C48H84NO7P,[M+H]+
LIPMETLIN00670,18:0 EPC,O=P(OCC[N+](C)(C)C)(OC[C@]([H])(OC(CCCCCCCCCCCCCCCCC)=O)COC(CCCCCCCCCCCCCCCCC)=O)OCC,818.6632967,303.1333333,C46H92NO8P,[M+H]+
LIPMETLIN00671,19:0 PC,O=C(CCCCCCCCCCCCCCCCCC)OC[C@]([H])(COP(OCC[N+](C)(C)C)([O-])=O)OC(CCCCCCCCCCCCCCCCCC)=O,818.6632967,303.9333333,C46H92NO8P,[M+H]+
LIPMETLIN00672,4ME 16:0 Diether PC,[O-]P(OCC[N+](C)(C)C)(OC[C@]([H])(OCCC(C)CCCC(C)CCCC(C)CCCC(C)C)COCCC(C)CCCC(C)CCCC(C)CCCC(C)C)=O,818.7360635,307.7,C48H100NO6P,[M+H]+
LIPMETLIN00673,20:4 PG,[H][C@@](CO)(O)COP(OC[C@]([H])(OC(CCC/C=C\C/C=C\C/C=C\C/C=C\CCCCC)=O)COC(CCC/C=C\C/C=C\C/C=C\C/C=C\CCCCC)=O)(O)=O,819.5170345,292.6,C46H75O10P,[M+H]+
LIPMETLIN00674,18:0 aminoethyl PC,[O-]P(OCC[N+](C)(CCN)C)(OC[C@H](OC(CCCCCCCCCCCCCCCCC)=O)COC(CCCCCCCCCCCCCCCCC)=O)=O,819.6585461,302.0666667,C45H91N2O8P,[M+H]+
LIPMETLIN00675,15:0-18:1 PI,O=C(CCCCCCCCCCCCCC)OC[C@@]([H])(OC(CCCCCCC/C=C\CCCCCCCC)=O)COP(O[C@H]1[C@H](O)[C@@H](O)[C@H](O)[C@@H](O)[C@H]1O)(O)=O,823.5330779,295.1666667,C42H79O13P,[M+H]+
LIPMETLIN00676,18:0-22:6 PG,O=C(CCCCCCCCCCCCCCCCC)OC[C@@]([H])(OC(CC/C=C\C/C=C\C/C=C\C/C=C\C/C=C\C/C=C\CC)=O)COP(OC[C@](O)([H])CO)(O)=O,823.5483329,298.2666667,C46H79O10P,[M+H]+
LIPMETLIN00677,18:0(2R-OH) Sulfo GalCer,[H][C@](/C=C/CCCCCCCCCCCCC)(O)[C@@]([H])(NC([C@H](O)CCCCCCCCCCCCCCCC)=O)CO[C@H](O1)[C@H](O)[C@@H](OS(O)(=O)=O)[C@H]([C@H]1CO)O,824.5551951,299.8333333,C42H81NO12S,[M+H]+
LIPMETLIN00678,18:0(2S-OH) Sulfo GalCer,C([C@@H]([C@@H](/C=C/CCCCCCCCCCCCC)O)NC(=O)[C@H](CCCCCCCCCCCCCCCC)O)O[C@@H]1O[C@@H]([C@@H](C(C1O)OS(=O)(=O)O)O)CO,824.5551951,296.6333333,C42H81NO12S,[M+H]+
LIPMETLIN00679,16:0 azidocaproyl PE,C([C@H](COP(=O)(O)OCCNC(=O)CCCCCN=[N+]=[N-])OC(=O)CCCCCCCCCCCCCCC)OC(=O)CCCCCCCCCCCCCCC,831.5970123,303.237,C43H83N4O9P,[M+H]+
LIPMETLIN00680,20:4 PS,O=C(CCC/C=C\C/C=C\C/C=C\C/C=C\CCCCC)OC[C@]([H])(COP(OC[C@](C(O)=O)([H])N)(O)=O)OC(CCC/C=C\C/C=C\C/C=C\C/C=C\CCCCC)=O,832.5122839,286,C46H74NO10P,[M+H]+
LIPMETLIN00681,18:0-22:6 PC,[O-]P(OCC[N+](C)(C)C)(OC[C@]([H])(OC(CC/C=C\C/C=C\C/C=C\C/C=C\C/C=C\C/C=C\CC)=O)COC(CCCCCCCCCCCCCCCCC)=O)=O,834.6006994,297.48,C48H84NO8P,[M+H]+
LIPMETLIN00682,4ME 16:0 PG,C([C@H](COP(=O)(O)OCC(CO)O)OC(=O)CC(CCCC(CCCC(CCCC(C)C)C)C)C)OC(=O)CC(CCCC(CCCC(CCCC(C)C)C)C)C,835.6422281,307.73,C46H91O10P,[M+H]+
LIPMETLIN00683,22:6 PE,O=C(CC/C=C\C/C=C\C/C=C\C/C=C\C/C=C\C/C=C\CC)OC[C@]([H])(COP(OCCN)(O)=O)OC(CC/C=C\C/C=C\C/C=C\C/C=C\C/C=C\C/C=C\CC)=O,836.5224539,286.8333333,C49H74NO8P,[M+H]+
LIPMETLIN00684,18:0-22:6 PS,O=C(CCCCCCCCCCCCCCCCC)OC[C@]([H])(COP(OC[C@](C(O)=O)([H])N)(O)=O)OC(CC/C=C\C/C=C\C/C=C\C/C=C\C/C=C\C/C=C\CC)=O,836.5435823,291.0333333,C46H78NO10P,[M+H]+
LIPMETLIN00687,20:1 (Cis) PC,[O-]P(OCC[N+](C)(C)C)(OC[C@]([H])(OC(CCCCCCCCC/C=C\CCCCCCCC)=O)COC(CCCCCCCCC/C=C\CCCCCCCC)=O)=O,842.6632967,303.5,C48H92NO8P,[M+H]+
LIPMETLIN00688,18:1 Succinyl PE,C([C@H](COP(=O)(O)OCCNC(=O)CCC(=O)O)OC(=O)CCCCCCC/C=C\CCCCCCCC)OC(=O)CCCCCCC/C=C\CCCCCCCC,844.5697957,298.93,C45H82NO11P,[M+H]+
LIPMETLIN00689,18:0 azidoethyl PC,C([C@@H](COC(=O)CCCCCCCCCCCCCCCCC)OC(=O)CCCCCCCCCCCCCCCCC)OP(=O)([O-])OCC[N+](C)(C)CCN=[N+]=[N-],845.6490449,302.2333333,C45H89N4O8P,[M+H]+
LIPMETLIN00690,20:0 PC,P(=O)([O-])(OCC[N+](C)(C)C)OC[C@@H](COC(=O)CCCCCCCCCCCCCCCCCCC)OC(=O)CCCCCCCCCCCCCCCCCCC,846.6945951,309.588,C48H96NO8P,[M+H]+
LIPMETLIN00691,4ME 16:0 PC,[O-]P(OCC[N+](C)(C)C)(OC[C@]([H])(OC(CC(C)CCCC(C)CCCC(C)CCCC(C)C)=O)COC(CC(C)CCCC(C)CCCC(C)CCCC(C)C)=O)=O,846.6945951,308.4333333,C48H96NO8P,[M+H]+
LIPMETLIN00692,4ME 16:0 PS,[H][C@@](COP(O)(OC[C@](C([O-])=O)([H])[NH3+])=O)(OC(CC(C)CCCC(C)CCCC(C)CCCC(C)C)=O)COC(CC(C)CCCC(C)CCCC(C)CCCC(C)C)=O,848.6374775,303.1,C46H90NO10P,[M+H]+
LIPMETLIN00693,16:0 Lysyl PG,CCCCCCCCCCCCCCCC(=O)OCC(COP(=O)(O)OCC(COC(=O)C(CCCCN)N)O)OC(=O)CCCCCCCCCCCCCCC,851.6119927,301.498,C44H87N2O11P,[M+H]+
LIPMETLIN00694,16:0-(12-PAHSA) DG,CCCCCCC(OC(CCCCCCCCCCCCCCC)=O)CCCCCCCCCCC(O[C@@H](CO)COC(CCCCCCCCCCCCCCC)=O)=O,851.7697907,320.7666667,C53H102O7,[M+H]+
LIPMETLIN00695,18:1 Glutaryl PE,[H][C@@](COP(O)(OCCN([H])C(CCCC(O)=O)=O)=O)(OC(CCCCCCC/C=C\CCCCCCCC)=O)COC(CCCCCCC/C=C\CCCCCCCC)=O,858.5854449,302.5666667,C46H84NO11P,[M+H]+
LIPMETLIN00696,KRN7000,[C@H]1([C@@H]([C@@H]([C@H]([C@H](O1)OC[C@@H]([C@@H]([C@@H](CCCCCCCCCCCCCC)O)O)NC(=O)CCCCCCCCCCCCCCCCCCCCCCCCC)O)O)O)CO,858.7392209,312.8,C50H99NO9,[M+H]+
LIPMETLIN00697,C16 Lactosyl(b) Ceramide  (d18:1/16:0),[H][C@](/C=C/CCCCCCCCCCCCC)(O)[C@@]([H])(NC(CCCCCCCCCCCCCCC)=O)CO[C@H](O1)[C@H](O)[C@@H](O)[C@@H]([C@H]1CO)O[C@H](O2)[C@H](O)[C@@H](O)[C@H]([C@H]2CO)O,862.6249857,303.9666667,C46H87NO13,[M+H]+
LIPMETLIN00698,18:1 PI,O=C(CCCCCCC/C=C\CCCCCCCC)OC[C@@]([H])(OC(CCCCCCC/C=C\CCCCCCCC)=O)COP(O[C@H]1[C@H](O)[C@@H](O)[C@H](O)[C@@H](O)[C@H]1O)(O)=O,863.5643763,300.8,C45H83O13P,[M+H]+
LIPMETLIN00699,22:6 PG,[H][C@@](CO)(O)COP(OC[C@]([H])(OC(CC/C=C\C/C=C\C/C=C\C/C=C\C/C=C\C/C=C\CC)=O)COC(CC/C=C\C/C=C\C/C=C\C/C=C\C/C=C\C/C=C\CC)=O)(O)=O,867.5170345,298.5,C50H75O10P,[M+H]+
LIPMETLIN00700,18:0 PI,O[C@H]1[C@@H]([C@H](O)[C@H](O)[C@@H](O)[C@@H]1O)OP(OC[C@H](OC(CCCCCCCCCCCCCCCCC)=O)COC(CCCCCCCCCCCCCCCCC)=O)(O)=O,867.5956747,307.4333333,C45H87O13P,[M+H]+
LIPMETLIN00701,21:0 PC,[O-]P(OCC[N+](C)(C)C)(OC[C@]([H])(OC(CCCCCCCCCCCCCCCCCCCC)=O)COC(CCCCCCCCCCCCCCCCCCCC)=O)=O,874.7258935,315.0333333,C50H100NO8P,[M+H]+
LIPMETLIN00702,C17 Lactosyl(Beta) Ceramide (d18:1/17:0),[H][C@](/C=C/CCCCCCCCCCCCC)(O)[C@@]([H])(NC(CCCCCCCCCCCCCCCC)=O)CO[C@H](O1)[C@H](O)[C@@H](O)[C@@H]([C@H]1CO)O[C@H](O2)[C@H](O)[C@@H](O)[C@H]([C@H]2CO)O,876.6406349,306.4333333,C47H89NO13,[M+H]+
LIPMETLIN00703,C17:0 GA2,O[C@H]1[C@@H](CO)O[C@@](O[C@H]2[C@@H](CO)O[C@](OC[C@H](NC(CCCCCCCCCCCCCCCC)=O)[C@H](O)/C=C/CCCCCCCCCCCCC)([H])[C@H](O)[C@H]2O)([H])[C@H](O)[C@H]1O,876.6406349,305.3333333,C47H89NO13,[M+H]+
LIPMETLIN00704,22:6 (Cis) PC,P(=O)([O-])(OCC[N+](C)(C)C)OC[C@@H](COC(=O)CC/C=C\C/C=C\C/C=C\C/C=C\C/C=C\C/C=C\CC)OC(=O)CC/C=C\C/C=C\C/C=C\C/C=C\C/C=C\C/C=C\CC,878.5694015,296.7333333,C52H80NO8P,[M+H]+
LIPMETLIN00705,22:6 PS,O=C(CC/C=C\C/C=C\C/C=C\C/C=C\C/C=C\C/C=C\CC)OC[C@]([H])(COP(OC[C@](C(O)=O)([H])N)(O)=O)OC(CC/C=C\C/C=C\C/C=C\C/C=C\C/C=C\C/C=C\CC)=O,880.5122839,290.8333333,C50H74NO10P,[M+H]+
LIPMETLIN00707,18:0-20:4 PI,CCCCCCCCCCCCCCCCCC(OCC(OC(CCCC=CCC=CCC=CCC=CCCCCC)=O)COP(O)(OC1C(O)C(O)C(O)C(O)C1O)=O)=O,887.5643763,304.7666667,C47H83O13P,[M+H]+
LIPMETLIN00708,C18:1 Lactosyl(b) Ceramide (d18:1/18:1),[H][C@](/C=C/CCCCCCCCCCCCC)(O)[C@@]([H])(NC(CCCCCCC/C=C\CCCCCCCC)=O)CO[C@H](O1)[C@H](O)[C@@H](O)[C@@H]([C@H]1CO)O[C@H](O2)[C@H](O)[C@@H](O)[C@H]([C@H]2CO)O,888.6406349,307.5666667,C48H89NO13,[M+H]+
LIPMETLIN00709,16:0 PDP PE,[H][C@@](COP(O)(OCCNC(CCSSC1=CC=CC=N1)=O)=O)(OC(CCCCCCCCCCCCCCC)=O)COC(CCCCCCCCCCCCCCC)=O,889.5193591,304.1,C45H81N2O9PS2,[M+H]+
LIPMETLIN00710,16:0 Dodecanylamine PE,C([C@H](COP(=O)([O-])OCCNC(=O)CCCCCCCCCCC[NH3+])OC(=O)CCCCCCCCCCCCCCC)OC(=O)CCCCCCCCCCCCCCC,889.7004087,314.428,C49H97N2O9P,[M+H]+
LIPMETLIN00711,C24:1 Mono-sulfo galactosyl (alpha) ceramide (d18:1/24:1),[H][C@](/C=C/CCCCCCCCCCCCC)(O)[C@@]([H])(NC(CCCCCCCCCCCCC/C=C\CCCCCCCC)=O)CO[C@@H](O1)[C@H](O)[C@@H](OS(O)(=O)=O)[C@H]([C@H]1CO)O,890.6385261,308.5333333,C48H91NO11S,[M+H]+
LIPMETLIN00712,C24:1 Mono-Sulfo Galactosyl(b) Ceramide (d18:1/24:1),[H][C@](/C=C/CCCCCCCCCCCCC)(O)[C@@]([H])(NC(CCCCCCCCCCCCC/C=C\CCCCCCCC)=O)CO[C@H](O1)[C@H](O)[C@@H](OS(O)(=O)=O)[C@H]([C@H]1CO)O,890.6385261,308.8333333,C48H91NO11S,[M+H]+
LIPMETLIN00713,C18 Lactosyl(Beta) Ceramide (d18:1/18:0),[H][C@](/C=C/CCCCCCCCCCCCC)(O)[C@@]([H])(NC(CCCCCCCCCCCCCCCCC)=O)CO[C@H](O1)[C@H](O)[C@@H](O)[C@@H]([C@H]1CO)O[C@H](O2)[C@H](O)[C@@H](O)[C@H]([C@H]2CO)O,890.6562841,309.4,C48H91NO13,[M+H]+
LIPMETLIN00714,"14:0 Hemi BMP (S,R)",C([C@H](COP(=O)(OC[C@H](COC(=O)CCCCCCCCCCCCC)O)O)OC(=O)CCCCCCCCCCCCC)OC(=O)CCCCCCCCCCCCC,894.6793401,318.23,C48H96NO11P,[M+H]+
LIPMETLIN00715,22:1 (Cis) PC,[O-]P(OCC[N+](C)(C)C)(OC[C@]([H])(OC(CCCCCCCCCCC/C=C\CCCCCCCC)=O)COC(CCCCCCCCCCC/C=C\CCCCCCCC)=O)=O,898.7258935,314.6,C52H100NO8P,[M+H]+
LIPMETLIN00716,22:0 PC,[O-]P(OCC[N+](C)(C)C)(OC[C@]([H])(OC(CCCCCCCCCCCCCCCCCCCCC)=O)COC(CCCCCCCCCCCCCCCCCCCCC)=O)=O,902.7571919,320.1333333,C52H104NO8P,[M+H]+
LIPMETLIN00717,12:0 Biotin-18:1 PE,[H][C@@](COP([O-])(OCC[NH3+])=O)(OC(CCCCCCC/C=C\CCCCCCCC)=O)COC(CCCCCCCCCCCNC(CCCC[C@]1([H])SC[C@@]2([H])[C@]1([H])NC(N2)=O)=O)=O,903.5639993,300.7666667,C45H83N4O10PS,[M+H]+
LIPMETLIN00718,18:1 Lysyl PG,C(C(COC(=O)[C@@H]([NH3+])CCCC[NH3+])[O-])OP(=O)([O-])OC[C@@H](COC(=O)CCCCCCC/C=C\CCCCCCCC)OC(=O)CCCCCCC/C=C\CCCCCCCC,903.6432911,305.6333333,C48H91N2O11P,[M+H]+
LIPMETLIN00719,16:0 Dodecanoyl PE,[H][C@@](COP(O)(OCCN([H])C(CCCCCCCCCCC(O)=O)=O)=O)(OC(CCCCCCCCCCCCCCC)=O)COC(CCCCCCCCCCCCCCC)=O,904.6636909,313.6333333,C49H94NO11P,[M+H]+
LIPMETLIN00720,PChcPC,P(=O)(OC[C@@H](COC(=O)CCCCCCCCCCCCCCC)OC(=O)OC1CC[C@@]2(C(=CCC3C2CC[C@@]2(C3CC[C@H]2[C@H](CCCC(C)C)C)C)C1)C)([O-])OCC[N+](C)(C)C,908.6738609,329.97,C52H94NO9P,[M+H]+
LIPMETLIN00721,C24 Mono-Sulfo Galactosyl(b) Ceramide (d18:1/24:0),[C@H]([C@@H](/C=C/CCCCCCCCCCCCC)O)(NC(=O)CCCCCCCCCCCCCCCCCCCCCCC)CO[C@@H]1O[C@@H]([C@@H](C(C1O)OS(=O)(=O)O)O)CO,909.6807231,310.5,C48H96N2O11S,[M+H]+
LIPMETLIN00722,23:0 PC,O=C(CCCCCCCCCCCCCCCCCCCCCC)OC[C@]([H])(COP(OCC[N+](C)(C)C)([O-])=O)OC(CCCCCCCCCCCCCCCCCCCCCC)=O,930.7884903,325.3666667,C54H108NO8P,[M+H]+
LIPMETLIN00723,DGDG,[H][C@](COC(CCCCCCC/C=C\C/C=C\C/C=C\CC)=O)(OC(CCCCCCC/C=C\C/C=C\C/C=C\CC)=O)CO[C@H](O1)[C@H](O)[C@@H](O)[C@H]([C@H]1CO[C@@H](O2)[C@H](O)[C@@H](O)[C@H]([C@H]2CO)O)O,937.5882679,306.3,C51H84O15,[M+H]+
LIPMETLIN00724,18:1 PDP PE,C([C@H](COP(=O)(O)OCCNC(=O)CCSSc1ccccn1)OC(=O)CCCCCCC/C=C\CCCCCCCC)OC(=O)CCCCCCC/C=C\CCCCCCCC,941.5506575,311.6,C49H85N2O9PS2,[M+H]+
LIPMETLIN00725,18:1 Dodecanylamine PE,[H][C@@](COP([O-])(OCCN(C(CCCCCCCCCCC[NH3+])=O)[H])=O)(OC(CCCCCCC/C=C\CCCCCCCC)=O)COC(CCCCCCC/C=C\CCCCCCCC)=O,941.7317071,320.2333333,C53H101N2O9P,[M+H]+
LIPMETLIN00727,24:1 (Cis) PC,[O-]P(OCC[N+](C)(C)C)(OC[C@]([H])(OC(CCCCCCCCCCCCC/C=C\CCCCCCCC)=O)COC(CCCCCCCCCCCCC/C=C\CCCCCCCC)=O)=O,954.7884903,325.7333333,C56H108NO8P,[M+H]+
LIPMETLIN00728,18:1 Dodecanyl PE,C([C@H](COP(=O)(O)OCCNC(=O)CCCCCCCCCCC(=O)O)OC(=O)CCCCCCC/C=C\CCCCCCCC)OC(=O)CCCCCCC/C=C\CCCCCCCC,956.6949893,319.797,C53H98NO11P,[M+H]+
LIPMETLIN00729,24:0 PC,[H][C@@](COP([O-])(OCC[N+](C)(C)C)=O)(OC(CCCCCCCCCCCCCCCCCCCCCCC)=O)COC(CCCCCCCCCCCCCCCCCCCCCCC)=O,958.8197887,330.43,C56H112NO8P,[M+H]+
LIPMETLIN00730,CER1 (d18:1/26:0/18:1),O=C(N[C@H]([C@H](O)/C=C/CCCCCCCCCCCCC)CO)CCCCCCCCCCCCCCCCCCCCCCCCCOC(CCCCCCC/C=C\CCCCCCCC)=O,958.9160529,338.1666667,C62H119NO5,[M+H]+
LIPMETLIN00732,PChemsPC,O=P([O-])(OCC[N+](C)(C)C)OC[C@H](OC(CCC(OC1CC[C@]2(C)C(C1)=CCC3C2CC[C@]4(C)C3CC[C@H]4[C@@H](C)CCCC(C)C)=O)=O)COC(CCCCCCCCCCCCCCC)=O,964.7000743,329.3,C55H98NO10P,[M+H]+
LIPMETLIN00733,C24:1 Lactosyl(beta) Ceramide (d18:1/24:1),C([C@@H]([C@@H](/C=C/CCCCCCCCCCCCC)O)NC(=O)CCCCCCCCCCCCC/C=C\CCCCCCCC)O[C@@H]1O[C@@H]([C@H](C(C1O)O)O[C@@H]1O[C@@H]([C@@H](C(C1O)O)O)CO)CO,972.7345301,323.13,C54H101NO13,[M+H]+
LIPMETLIN00734,C24 Lactosyl(b) Ceramide  (d18:1/24:0),[H][C@](/C=C/CCCCCCCCCCCCC)(O)[C@@]([H])(NC(CCCCCCCCCCCCCCCCCCCCCCC)=O)CO[C@H](O1)[C@H](O)[C@@H](O)[C@@H]([C@H]1CO)O[C@H](O2)[C@H](O)[C@@H](O)[C@H]([C@H]2CO)O,974.7501793,323.6333333,C54H103NO13,[M+H]+
LIPMETLIN00735,18:1 PE-N-16:0,OP(OCCNC(CCCCCCCCCCCCCCC)=O)(OC[C@]([H])(OC(CCCCCCC/C=C\CCCCCCCC)=O)COC(CCCCCCC/C=C\CCCCCCCC)=O)=O,982.7834053,336.4,C57H108NO9P,[M+H]+
LIPMETLIN00736,OChemsPC,O=P([O-])(OCC[N+](C)(C)C)OC[C@H](OC(CCC(OC1CC[C@]2(C)C(C1)=CCC3C2CC[C@]4(C)C3CC[C@H]4[C@@H](C)CCCC(C)C)=O)=O)COC(CCCCCCC/C=C\CCCCCCCC)=O,990.7157235,330.7333333,C57H100NO10P,[M+H]+
LIPMETLIN00738,18:1 PE-N-18:1,OP(OCCNC(CCCCCCC/C=C\CCCCCCCC)=O)(OC[C@]([H])(OC(CCCCCCC/C=C\CCCCCCCC)=O)COC(CCCCCCC/C=C\CCCCCCCC)=O)=O,1008.799054,339.0333333,C59H110NO9P,[M+H]+
LIPMETLIN00739,16:0-(12-PAHSA) PC,O(C(=O)CCCCCCCCCCC(CCCCCC)OC(=O)CCCCCCCCCCCCCCC)[C@H](COC(=O)CCCCCCCCCCCCCCC)COP(=O)(OCC[N+](C)(C)C)[O-],1016.825268,337.7666667,C58H114NO10P,[M+H]+
LIPMETLIN00740,16:0-20:4 PE-N-20:4,[H][C@@](COP(O)(OCCNC(CCC/C=C\C/C=C\C/C=C\C/C=C\CCCCC)=O)=O)(OC(CCC/C=C\C/C=C\C/C=C\C/C=C\CCCCC)=O)COC(CCCCCCCCCCCCCCC)=O,1026.752107,337.1333333,C61H104NO9P,[M+H]+
LIPMETLIN00742,C17:0 GB3 (synthetic),[C@@H]1(C([C@@H]([C@@H](OC1CO)OC[C@@H]([C@@H](/C=C/CCCCCCCCCCCCC)O)NC(=O)CCCCCCCCCCCCCCCC)O)O)O[C@H]1[C@H](C([C@H](C(O1)CO)O[C@@H]1[C@H](C([C@H](C(O1)CO)O)O)O)O)O,1038.693456,325.302,C53H99NO18,[M+H]+
LIPMETLIN00743,C17:0 iGB3 (synthetic),O[C@H]1[C@H](OC[C@H](NC(CCCCCCCCCCCCCCCC)=O)[C@H](O)/C=C/CCCCCCCCCCCCC)O[C@H](CO)[C@@H](O[C@@H]2O[C@H](CO)[C@@H]([C@H](O[C@H]3O[C@H](CO)[C@@H]([C@H](O)[C@H]3O)O)[C@H]2O)O)[C@@H]1O,1038.693456,330.7,C53H99NO18,[M+H]+
LIPMETLIN00745,18:1 PE-benzylguanine,[H][C@@](COP(O)(OCCNC(NCC1=CC=C(COC2=NC(N)=NC3=C2N=CN3)C=C1)=O)=O)(OC(CCCCCCC/C=C\CCCCCCCC)=O)COC(CCCCCCC/C=C\CCCCCCCC)=O,1040.655921,324.2666667,C55H90N7O10P,[M+H]+
LIPMETLIN00746,18:1 Lactosyl PE,[H][C@@](COP(OCCNCC(O)C(O)[C@@H]([C@H](O)CO)O[C@H](O1)[C@H](O)[C@@H](O)[C@H]([C@H]1CO)O)(O)=O)(OC(CCCCCCC/C=C\CCCCCCCC)=O)COC(CCCCCCC/C=C\CCCCCCCC)=O,1070.675043,327.6333333,C53H100NO18P,[M+H]+
LIPMETLIN00747,M-BTM-C11,OC[C@@H]1[C@@H](O[C@H]2O[C@H](CO)[C@@H](O)[C@H](O)[C@H]2O)[C@H](O)[C@@H](O)[C@H](O[C@@H](COCCCCCCCCCCC)[C@@H](COCCCCCCCCCCC)O[C@@H]3O[C@H](CO)[C@@H](O[C@H]4O[C@H](CO)[C@@H](O)[C@H](O)[C@H]4O)[C@H](O)[C@H]3O)O1,1079.620749,322.9,C50H94O24,[M+H]+
LIPMETLIN00748,"18:0 (9,10dibromo) PC",[O-]P(OCC[N+](C)(C)C)(OC[C@]([H])(OC(CCCCCCCC(Br)C(Br)CCCCCCCC)=O)COC(CCCCCCCC(Br)C(Br)CCCCCCCC)=O)=O,1102.274044,312.3333333,C44H84NO8PBr4,[M+H]+
